5.317701,5.31811651,5.31936176,5.32143294,5.32432367,5.328025,5.33252533,5.33781041,5.34386331,5.35066427,5.35819077,5.36641735,5.37531564,5.38485424,5.39499869,5.40571146,5.41695184,5.42867602,5.44083702,5.45338472,5.46626598,5.47942463,5.49280168,5.5063354,5.51996154,5.53361361,5.5472231,5.56071985,5.57403243,5.58708853,5.59981548,5.61214071,5.62399232,5.63529966,5.64599395,5.65600883,5.66528108,5.67375117,5.68136391,5.68806903,5.69382171,5.69858311,5.70232081,5.70500917,5.70662966,5.70717108,5.70662966,5.70500917,5.70232081,5.69858311,5.69382171,5.68806903,5.68136391,5.67375117,5.66528108,5.65600883,5.64599395,5.63529966,5.62399232,5.61214071,5.59981548,5.58708853,5.57403243,5.56071985,5.5472231,5.53361361,5.51996154,5.5063354,5.49280168,5.47942463,5.46626598,5.45338472,5.44083702,5.42867602,5.41695184,5.40571146,5.39499869,5.38485424,5.37531564,5.36641735,5.35819077,5.35066427,5.34386331,5.33781041,5.33252533,5.328025,5.32432367,5.32143294,5.31936176,5.31811651,5.317701
5.317701,5.31811651,5.31936176,5.32143294,5.32432367,5.328025,5.33252532,5.33781041,5.3438633,5.35066427,5.35819076,5.36641734,5.37531563,5.38485423,5.39499869,5.40571147,5.41695189,5.4286761,5.44083716,5.45338495,5.46626632,5.47942514,5.49280239,5.50633638,5.51996287,5.53361537,5.54722539,5.5607228,5.57403618,5.58709324,5.59982132,5.6121479,5.62400108,5.63531025,5.64600664,5.65602394,5.66529892,5.67377211,5.68138833,5.68809732,5.6938543,5.69862044,5.70236333,5.70505735,5.70668398,5.70723201,5.70669768,5.70508475,5.70240442,5.6986752,5.69392271,5.68817934,5.68148392,5.67388123,5.6654215,5.6561599,5.64615589,5.63547268,5.62417656,5.61233628,5.60002245,5.58730691,5.57426218,5.56096091,5.54747535,5.5338769,5.52023568,5.50662015,5.49309678,5.47972979,5.46658086,5.45370898,5.44117028,5.42901789,5.4173019,5.40606926,5.3953638,5.38522618,5.37569395,5.36680155,5.35858036,5.35105876,5.34426219,5.33821318,5.33293146,5.32843399,5.32473501,5.3218461,5.31977623,5.31853175,5.31811651
5.317701,5.31811651,5.31936176,5.32143294,5.32432367,5.32802499,5.33252532,5.3378104,5.34386328,5.35066424,5.35819073,5.36641731,5.37531559,5.3848542,5.39499869,5.40571151,5.416952,5.42867634,5.44083757,5.45338562,5.46626735,5.47942663,5.49280452,5.50633931,5.51996683,5.53362062,5.54723225,5.56073162,5.57404738,5.5871073,5.59983879,5.61216938,5.62402727,5.6353419,5.64604459,5.65606909,5.66535228,5.67383472,5.68146134,5.68818192,5.69395176,5.69873208,5.7024905,5.70520146,5.70684644,5.70741426,5.70690115,5.70531087,5.70265457,5.69895073,5.69422491,5.68850945,5.68184308,5.67427048,5.66584179,5.65661206,5.64664065,5.63599062,5.62472813,5.6129218,5.60064211,5.58796077,5.57495015,5.56168279,5.54823078,5.53466543,5.52105673,5.50747303,5.4939807,5.48064387,5.46752412,5.45468037,5.44216867,5.4300421,5.41835067,5.40714129,5.39645775,5.38634067,5.37682755,5.36795281,5.35974781,5.35224091,5.34545752,5.33942018,5.33414859,5.3296597,5.32596775,5.32308431,5.32101835,5.31977623,5.31936176
5.317701,5.31811651,5.31936176,5.32143294,5.32432367,5.32802499,5.3325253,5.33781038,5.34386325,5.3506642,5.35819068,5.36641724,5.37531553,5.38485415,5.39499868,5.40571158,5.4169522,5.42867674,5.44083826,5.45338673,5.46626903,5.47942911,5.49280802,5.50634415,5.51997337,5.5336293,5.54724357,5.5607462,5.57406589,5.58713055,5.59986767,5.61220491,5.62407058,5.63539426,5.64610737,5.65614381,5.66544057,5.67393836,5.68158219,5.68832199,5.69411314,5.69891695,5.70270114,5.70544017,5.70711559,5.70771623,5.70723834,5.70568562,5.7030692,5.6994075,5.69472597,5.68905684,5.6824387,5.67491609,5.66653898,5.65736222,5.64744498,5.6368501,5.62564354,5.61389368,5.60167078,5.58904633,5.57609248,5.56288153,5.54948539,5.53597514,5.52242059,5.5088899,5.49544929,5.4821627,5.46909158,5.45629472,5.44382803,5.43174449,5.42009402,5.40892344,5.39827645,5.38819362,5.37871238,5.36986712,5.36168913,5.35420676,5.34744538,5.3414275,5.33617281,5.33169825,5.32801804,5.32514374,5.32308431,5.3218461,5.32143294
5.317701,5.31811651,5.31936176,5.32143294,5.32432367,5.32802498,5.33252529,5.33781035,5.34386321,5.35066414,5.3581906,5.36641716,5.37531544,5.38485409,5.39499866,5.40571167,5.41695246,5.42867727,5.4408392,5.45338825,5.46627136,5.47943251,5.49281285,5.50635082,5.51998239,5.53364127,5.54725922,5.56076633,5.57409148,5.58716269,5.59990762,5.61225407,5.62413053,5.63546673,5.6461943,5.65624729,5.66556288,5.67408194,5.68174967,5.68851614,5.69433687,5.6991733,5.70299326,5.70577129,5.70748902,5.70813528,5.70770634,5.70620586,5.70364493,5.70004185,5.69542196,5.68981732,5.68326636,5.6758134,5.66750815,5.65840522,5.64856349,5.63804553,5.62691698,5.61524593,5.6031023,5.59055727,5.5776827,5.56455057,5.55123249,5.53779927,5.52432043,5.51086389,5.49749562,5.48427933,5.47127628,5.45854505,5.4461414,5.43411814,5.42252504,5.41140882,5.40081306,5.39077823,5.3813417,5.37253776,5.36439767,5.35694969,5.35021918,5.34422862,5.33899765,5.33454319,5.33087944,5.32801803,5.32596775,5.32473501,5.32432367
5.317701,5.31811651,5.31936176,5.32143294,5.32432366,5.32802497,5.33252527,5.33781032,5.34386316,5.35066407,5.35819051,5.36641705,5.37531533,5.38485399,5.39499864,5.40571177,5.41695278,5.42867794,5.44084038,5.45339016,5.46627427,5.47943679,5.49281892,5.50635923,5.51999377,5.53365639,5.54727897,5.56079178,5.57412383,5.58720334,5.59995816,5.61231628,5.62420641,5.63555851,5.64630441,5.65637841,5.6657179,5.67426399,5.68196206,5.68876242,5.69462075,5.69949866,5.70336412,5.70619179,5.70796335,5.70866771,5.70830112,5.70686722,5.704377,5.70084867,5.69630741,5.69078509,5.68431988,5.67695585,5.66874241,5.65973384,5.64998867,5.63956909,5.62854036,5.61697018,5.60492806,5.59248478,5.5797118,5.56668071,5.55346275,5.54012835,5.52674669,5.51338535,5.50010998,5.48698402,5.47406845,5.4614216,5.44909901,5.43715329,5.42563403,5.41458778,5.40405798,5.39408497,5.38470602,5.37595532,5.36786406,5.36046042,5.35376972,5.34781436,5.34261397,5.33818544,5.33454318,5.33169824,5.3296597,5.32843399,5.328025
5.317701,5.31811651,5.31936176,5.32143294,5.32432366,5.32802496,5.33252525,5.33781028,5.34386309,5.35066398,5.35819039,5.36641691,5.37531519,5.38485388,5.3949986,5.40571188,5.41695315,5.42867871,5.44084176,5.45339241,5.46627773,5.47944187,5.49282615,5.50636924,5.52000734,5.53367443,5.54730257,5.56082219,5.57416253,5.58725199,5.60001867,5.61239081,5.62429736,5.63566855,5.64643649,5.65653574,5.66590399,5.67448259,5.6822172,5.68905836,5.69496199,5.69988991,5.70381023,5.70669777,5.70853431,5.70930881,5.70901752,5.70766407,5.70525936,5.70182145,5.69737534,5.69195267,5.68559133,5.67833507,5.67023295,5.66133884,5.65171085,5.64141074,5.63050327,5.61905568,5.60713699,5.59481751,5.58216818,5.56926014,5.55616416,5.5429502,5.52968704,5.51644184,5.50327987,5.4902642,5.47745549,5.46491176,5.45268828,5.44083739,5.42940846,5.41844785,5.4079988,5.39810151,5.3887931,5.38010764,5.37207622,5.36472695,5.35808505,5.35217287,5.34701001,5.34261394,5.33899762,5.33617279,5.33414858,5.33293146,5.33252533
5.317701,5.31811651,5.31936176,5.32143293,5.32432365,5.32802494,5.33252522,5.33781023,5.34386302,5.35066387,5.35819025,5.36641675,5.37531502,5.38485373,5.39499854,5.40571198,5.41695355,5.42867958,5.44084332,5.45339496,5.46628166,5.47944767,5.49283442,5.50638072,5.52002291,5.53369516,5.5473297,5.56085719,5.57420708,5.58730804,5.60008843,5.61247677,5.62440232,5.63579561,5.64658906,5.65671758,5.66611915,5.67473545,5.68251246,5.68940099,5.69535723,5.70034324,5.70432735,5.70728454,5.70919669,5.71005286,5.70984932,5.70858964,5.70628465,5.70295226,5.69861725,5.693311,5.6870711,5.67994089,5.67196905,5.66320898,5.65371829,5.64355823,5.63279302,5.62148933,5.60971562,5.5975416,5.58503768,5.5722744,5.55932201,5.54624993,5.53312641,5.52001816,5.50698997,5.49410449,5.48142198,5.4690001,5.45689376,5.44515502,5.43383298,5.42297373,5.4126203,5.4028127,5.39358788,5.38497977,5.37701931,5.36973452,5.36315052,5.35728959,5.35217276,5.34781427,5.34422856,5.34142746,5.33942016,5.33821318,5.33781041
5.317701,5.31811651,5.31936176,5.32143293,5.32432364,5.32802492,5.33252518,5.33781017,5.34386293,5.35066375,5.35819009,5.36641655,5.37531481,5.38485356,5.39499845,5.40571208,5.41695396,5.4286805,5.44084502,5.45339776,5.466286,5.47945409,5.4928436,5.50639348,5.52004025,5.53371827,5.54735999,5.56089629,5.57425691,5.58737079,5.60016659,5.61257314,5.62452006,5.63593823,5.64676042,5.65692192,5.66636106,5.67501991,5.68284478,5.68978681,5.69580253,5.70085424,5.70491054,5.70794658,5.70994442,5.71089319,5.71078919,5.70963598,5.70744427,5.70423182,5.70002319,5.69484947,5.68874787,5.68176135,5.67393809,5.66533101,5.65599716,5.64599717,5.63539467,5.62425568,5.61264801,5.60064072,5.58830356,5.57570644,5.56291894,5.5500099,5.53704698,5.5240963,5.51122214,5.49848666,5.48594963,5.47366828,5.46169715,5.45008792,5.43888935,5.42814726,5.41790441,5.40820058,5.3990725,5.39055394,5.38267568,5.37546559,5.3689487,5.36315022,5.35808482,5.35376956,5.35021909,5.34744532,5.3454575,5.34426218,5.34386331
5.317701,5.31811651,5.31936176,5.32143293,5.32432364,5.32802491,5.33252515,5.33781011,5.34386283,5.35066361,5.35818991,5.36641633,5.37531458,5.38485334,5.39499832,5.40571215,5.41695438,5.42868147,5.44084681,5.45340076,5.46629067,5.47946102,5.49285354,5.50640733,5.52005911,5.53374344,5.54739302,5.560939,5.57431139,5.58743945,5.60025217,5.61267876,5.6246492,5.63609476,5.64694863,5.65714649,5.66662711,5.67533294,5.68321069,5.6902119,5.69629342,5.70141789,5.70555418,5.70867767,5.71077059,5.71182219,5.71182882,5.71079401,5.70872839,5.70564954,5.70158179,5.6965559,5.69060871,5.68378274,5.67612565,5.66768978,5.65853157,5.64871102,5.63829104,5.62733696,5.61591585,5.60409605,5.59194656,5.57953655,5.56693492,5.55420978,5.54142813,5.52865546,5.51595543,5.50338961,5.49101726,5.47889511,5.46707722,5.45561486,5.44455643,5.43394736,5.42383014,5.41424426,5.4052262,5.39680951,5.3890248,5.38189978,5.37546487,5.36973397,5.36472656,5.36046017,5.35694954,5.35420668,5.35224088,5.35105875,5.35066427
5.317701,5.31811651,5.31936176,5.32143293,5.32432363,5.32802488,5.33252511,5.33781004,5.34386272,5.35066345,5.3581897,5.36641609,5.37531431,5.38485309,5.39499816,5.40571218,5.41695477,5.42868244,5.44084866,5.45340388,5.46629557,5.47946834,5.49286407,5.50642205,5.5200792,5.53377032,5.54742834,5.56098473,5.57436979,5.58751314,5.60034413,5.61279235,5.6247882,5.63626339,5.64715155,5.6573888,5.66691437,5.67567117,5.68360634,5.69067185,5.69682493,5.70202859,5.706252,5.70947082,5.71166748,5.71283136,5.71295889,5.71205359,5.710126,5.70719354,5.70328028,5.69841666,5.69263912,5.68598968,5.67851546,5.6702682,5.66130366,5.65168112,5.64146277,5.63071312,5.61949846,5.60788632,5.59594486,5.58374248,5.57134724,5.5588265,5.5462465,5.53367201,5.52116599,5.50878937,5.4966008,5.48465644,5.47300982,5.46171172,5.45081011,5.44035002,5.43037357,5.42091991,5.41202527,5.40372293,5.39604327,5.38902314,5.38267444,5.37701844,5.37207563,5.36786369,5.36439745,5.36168902,5.35974777,5.35858035,5.35819077
5.317701,5.31811651,5.31936176,5.32143292,5.32432362,5.32802486,5.33252506,5.33780996,5.34386261,5.35066328,5.35818947,5.36641581,5.375314,5.38485279,5.39499795,5.40571217,5.41695511,5.42868338,5.44085051,5.45340705,5.4663006,5.47947592,5.49287502,5.50643742,5.52010023,5.5337985,5.54746546,5.56103286,5.57443135,5.58759092,5.6004413,5.61291252,5.62493541,5.63644214,5.64736684,5.65764611,5.66721968,5.67603094,5.68402753,5.69116187,5.69739163,5.70268021,5.70699715,5.7103184,5.71262663,5.71391138,5.71416918,5.71340357,5.711625,5.70885073,5.7051046,5.70041669,5.69482304,5.68836514,5.68108955,5.67304735,5.66429359,5.65488679,5.64488832,5.63436185,5.6233728,5.61198781,5.60027416,5.58829934,5.57613055,5.56383429,5.55147595,5.5391195,5.52682714,5.51465907,5.50267324,5.49092518,5.47946781,5.46835137,5.45762331,5.44732821,5.43750776,5.42820075,5.41944305,5.41126766,5.40371938,5.39680687,5.39055206,5.38497849,5.38010682,5.37595483,5.37253749,5.36986698,5.36795276,5.36680154,5.36641735
5.317701,5.31811651,5.31936176,5.32143292,5.32432361,5.32802484,5.33252501,5.33780988,5.34386248,5.35066309,5.35818922,5.3664155,5.37531365,5.38485245,5.39499767,5.40571209,5.4169554,5.42868426,5.44085232,5.45341022,5.46630568,5.47948361,5.49288621,5.50645317,5.52012186,5.53382757,5.54750384,5.56108273,5.57449525,5.58767176,5.60054244,5.61303776,5.62508901,5.63662888,5.64759199,5.65791548,5.6675396,5.6764083,5.68446972,5.69167678,5.69798764,5.70336615,5.70778221,5.71121214,5.71363886,5.71505213,5.71544859,5.71483181,5.71321221,5.71060688,5.70703942,5.70253957,5.69714294,5.69089052,5.68382824,5.67600651,5.66747964,5.65830531,5.64854406,5.63825864,5.62751354,5.61637444,5.60490766,5.59317973,5.58125688,5.56920467,5.55708758,5.54496869,5.53290935,5.52096894,5.50920465,5.49767128,5.48642108,5.47550368,5.46496593,5.45485189,5.44520277,5.43605692,5.42744984,5.41943591,5.41201995,5.40522238,5.39906988,5.39358617,5.38879204,5.38470541,5.38134138,5.37871223,5.37682749,5.37569394,5.37531564
5.317701,5.31811651,5.31936176,5.32143292,5.3243236,5.32802481,5.33252496,5.33780979,5.34386233,5.35066289,5.35818895,5.36641516,5.37531325,5.38485204,5.39499734,5.40571193,5.41695559,5.42868505,5.44085403,5.45341329,5.46631069,5.47949127,5.49289742,5.50646905,5.52014375,5.5338571,5.54754293,5.56113363,5.57456061,5.58775461,5.60064627,5.61316651,5.62524714,5.63682136,5.64782434,5.65819378,5.66787052,5.67679905,5.68492808,5.69221107,5.69860672,5.70407933,5.70859926,5.71214318,5.71469435,5.71624276,5.7167852,5.71632531,5.71487347,5.71244665,5.70906822,5.70476759,5.69957994,5.69354572,5.68671026,5.67912325,5.67083823,5.66191205,5.65240431,5.64237682,5.63189309,5.62101776,5.60981613,5.59835369,5.58669563,5.57490649,5.56304975,5.55118751,5.5393802,5.52768629,5.51616213,5.5048617,5.49383652,5.48313548,5.47280481,5.46288795,5.45342558,5.44445553,5.43604326,5.4281905,5.4209125,5.4142391,5.40819716,5.40281055,5.39810024,5.39408428,5.3907779,5.38819347,5.38634062,5.38522617,5.38485424
5.317701,5.31811651,5.31936175,5.32143291,5.32432358,5.32802478,5.33252491,5.3378097,5.34386218,5.35066267,5.35818865,5.36641478,5.37531282,5.38485158,5.39499692,5.40571168,5.41695567,5.4286857,5.44085559,5.4534162,5.46631551,5.47949874,5.49290847,5.50648479,5.52016557,5.53388664,5.54758214,5.56118485,5.57462652,5.58783835,5.6007514,5.61329711,5.62540779,5.63701721,5.6480611,5.65847776,5.66820862,5.67719877,5.68539753,5.69275895,5.69924225,5.7048123,5.7094399,5.71310218,5.71578271,5.71747178,5.71816638,5.71787023,5.71659372,5.71435372,5.71117339,5.70708183,5.70211379,5.6963092,5.68971278,5.68237349,5.67434407,5.66568049,5.65644142,5.64668766,5.63648168,5.62588705,5.61496796,5.60378879,5.59241364,5.58090594,5.56932808,5.55774111,5.54620443,5.53477554,5.52350984,5.51246042,5.50167796,5.49121057,5.48110373,5.47140022,5.46214007,5.45340059,5.44518388,5.43749394,5.43036383,5.42382358,5.41790021,5.41261778,5.40799741,5.40405729,5.40081277,5.39827636,5.39645773,5.3953638,5.39499869
5.317701,5.31811651,5.31936175,5.32143291,5.32432357,5.32802476,5.33252485,5.33780959,5.34386202,5.35066244,5.35818833,5.36641437,5.37531234,5.38485106,5.39499643,5.40571131,5.41695561,5.42868618,5.44085694,5.45341885,5.46632005,5.47950589,5.49291914,5.50650012,5.52018693,5.5339157,5.5476209,5.56123563,5.57469206,5.58792182,5.60085643,5.61342785,5.62556893,5.637214,5.64829939,5.65876402,5.66854993,5.67760287,5.68587278,5.69331433,5.69988735,5.70555726,5.71029539,5.71407931,5.71689302,5.71872711,5.71957881,5.71945198,5.71835706,5.71631084,5.7133363,5.70946226,5.70472307,5.69915814,5.69281156,5.6857316,5.67797018,5.66958236,5.66062584,5.65116041,5.64124743,5.63094935,5.62032921,5.60945021,5.59837526,5.58716662,5.57588553,5.56459188,5.55334397,5.54219822,5.531209,5.52042843,5.50990624,5.49968967,5.48982338,5.48034938,5.47135633,5.46285448,5.45482712,5.44731051,5.44033788,5.43393945,5.42814241,5.422971,5.41844649,5.41458722,5.41140868,5.40892345,5.40714133,5.40606927,5.40571146
5.317701,5.31811651,5.31936175,5.3214329,5.32432356,5.32802472,5.33252479,5.33780949,5.34386186,5.35066219,5.35818799,5.36641393,5.3753118,5.38485047,5.39499584,5.40571083,5.41695538,5.42868645,5.44085802,5.45342118,5.46632418,5.47951254,5.49292922,5.50651475,5.52020748,5.53394383,5.54765858,5.5612852,5.57475627,5.58800384,5.60095993,5.613557,5.62572846,5.63740921,5.64853623,5.65904904,5.66889037,5.67800661,5.68634837,5.69387097,5.70053489,5.70630613,5.7111566,5.71506438,5.71801391,5.71999615,5.72100861,5.72105534,5.72014685,5.71829993,5.7155374,5.71188784,5.7073852,5.70206844,5.69598102,5.68917051,5.68168801,5.67358768,5.66492624,5.65576241,5.64615644,5.63616959,5.62586371,5.61530075,5.60454238,5.59364961,5.58268242,5.57169951,5.56075795,5.54991301,5.53921793,5.52872374,5.51847917,5.50853046,5.49892137,5.489749,5.48104647,5.47276194,5.46493485,5.45760164,5.45079569,5.44454741,5.43888417,5.43383035,5.42940741,5.42563382,5.42252519,5.42009422,5.4183508,5.41730193,5.41695184
5.317701,5.31811651,5.31936175,5.3214329,5.32432355,5.32802469,5.33252473,5.33780938,5.34386168,5.35066192,5.35818762,5.36641346,5.37531122,5.38484981,5.39499514,5.40571021,5.41695498,5.42868648,5.44085879,5.4534231,5.46632779,5.47951855,5.4929385,5.5065284,5.52022685,5.53397054,5.54769458,5.56133281,5.5748182,5.58808324,5.60106044,5.61368278,5.62588423,5.63760031,5.64876859,5.65932929,5.66922578,5.67840514,5.6868187,5.69442245,5.70117753,5.7070506,5.71201418,5.71604688,5.71913367,5.72126589,5.7224414,5.7226645,5.72194583,5.72030219,5.71775633,5.71433661,5.71007664,5.70501492,5.69919436,5.69266181,5.68546758,5.67766494,5.6693096,5.66045922,5.65117287,5.64151064,5.63153311,5.62130095,5.61087451,5.60031348,5.58967653,5.57902103,5.56840278,5.55787578,5.54749206,5.53730146,5.52735158,5.5176876,5.50840834,5.49959478,5.49113871,5.48308266,5.47546622,5.46832596,5.46169545,5.45560524,5.45008289,5.44515296,5.44083702,5.43715372,5.43411877,5.43174501,5.43004238,5.42901797,5.42867602
5.317701,5.31811651,5.31936175,5.32143289,5.32432353,5.32802466,5.33252466,5.33780926,5.34386149,5.35066165,5.35818724,5.36641295,5.37531059,5.38484907,5.39499435,5.40570943,5.41695437,5.42868623,5.44085919,5.45342454,5.46633078,5.47952376,5.49294677,5.5065408,5.52024466,5.53399536,5.5477283,5.56137768,5.57487687,5.58815881,5.60115649,5.61380341,5.62603411,5.63778472,5.64899344,5.65960115,5.66955193,5.67879357,5.6872781,5.69496224,5.70180782,5.70778221,5.71285855,5.71701608,5.72024027,5.72252298,5.72386243,5.72426323,5.7237362,5.72229824,5.71997206,5.71678584,5.71277294,5.70797144,5.70242369,5.6961759,5.6892776,5.68178118,5.67374135,5.66521469,5.65625912,5.64693348,5.63729707,5.62740922,5.61732892,5.60711447,5.59682314,5.58651091,5.57623221,5.56603968,5.55598402,5.54611381,5.53647539,5.52715678,5.51832642,5.50978927,5.50159082,5.49377371,5.48637764,5.47943932,5.47299248,5.46706783,5.46169308,5.45689294,5.45268916,5.4491005,5.44614282,5.44382904,5.44216918,5.44117041,5.44083702
5.317701,5.31811651,5.31936175,5.32143289,5.32432352,5.32802463,5.33252459,5.33780914,5.3438613,5.35066136,5.35818683,5.3664124,5.3753099,5.38484825,5.39499343,5.40570849,5.41695352,5.42868567,5.44085917,5.45342541,5.46633304,5.47952802,5.49295384,5.50655167,5.52026058,5.53401783,5.54775914,5.56141906,5.57493135,5.58822939,5.60124664,5.61391713,5.62617597,5.63795988,5.64920772,5.65986104,5.66986461,5.67916697,5.68772086,5.69548377,5.70241826,5.7084924,5.71368004,5.71796106,5.72132153,5.72375383,5.72525664,5.72583492,5.72549976,5.72426819,5.72216296,5.71921217,5.71544893,5.71091097,5.70564017,5.69968211,5.6930856,5.68590215,5.67818551,5.66999117,5.6613759,5.65239729,5.64311332,5.63358194,5.62386073,5.61400654,5.60407519,5.59412117,5.58419744,5.5743552,5.56464372,5.55511019,5.54581108,5.537062,5.52853841,5.52028859,5.51235807,5.50478957,5.49762288,5.49089485,5.48463932,5.47888718,5.47366627,5.46900147,5.46491464,5.46142471,5.45854763,5.45629642,5.45468121,5.4537092,5.45338472
5.317701,5.31811651,5.31936175,5.32143289,5.3243235,5.32802459,5.33252453,5.33780902,5.3438611,5.35066105,5.3581864,5.36641182,5.37530916,5.38484735,5.3949924,5.40570738,5.41695243,5.42868476,5.44085867,5.45342566,5.46633446,5.47953119,5.4929595,5.50656075,5.52027424,5.53403749,5.54778652,5.56145621,5.57498071,5.58829382,5.60132948,5.61402221,5.62630771,5.63812328,5.64940842,5.66010537,5.67015962,5.67952043,5.68814131,5.69598049,5.70300131,5.70917259,5.71446892,5.71887086,5.72236514,5.72494471,5.72660879,5.72736274,5.72721799,5.7261918,5.724307,5.72159169,5.71807882,5.71380583,5.70881418,5.70314891,5.69685811,5.68999248,5.68260484,5.67474963,5.66648245,5.65785964,5.64893784,5.63977361,5.63042307,5.62094156,5.61138337,5.60180145,5.59224721,5.58277029,5.57341844,5.56423734,5.55561762,5.54720562,5.53899918,5.53104658,5.52339334,5.51608224,5.50915315,5.50264301,5.49658581,5.49101254,5.4859512,5.48142681,5.47746136,5.4740739,5.4712805,5.46909427,5.46752542,5.4665812,5.46626598
5.317701,5.31811651,5.31936175,5.32143288,5.32432349,5.32802456,5.33252445,5.33780889,5.34386089,5.35066074,5.35818595,5.36641121,5.37530836,5.38484636,5.39499123,5.40570608,5.41695108,5.42868348,5.44085766,5.4534252,5.46633495,5.47953314,5.49296357,5.5065678,5.52028532,5.53405391,5.54780987,5.56148842,5.57502405,5.58835098,5.60140361,5.61411696,5.62642726,5.63827243,5.64959259,5.66033066,5.67043284,5.67984913,5.68853381,5.69644589,5.7035495,5.70981425,5.71521549,5.71973453,5.72335879,5.72608188,5.72790357,5.72882975,5.72887225,5.72804861,5.72638187,5.72390017,5.7206364,5.7166278,5.71191549,5.706544,5.70056081,5.69401586,5.68696107,5.67944984,5.67153667,5.66327663,5.65472504,5.64593703,5.63696723,5.62786943,5.61869633,5.60949926,5.60032799,5.59123053,5.58225297,5.57380698,5.56560702,5.55754163,5.54966152,5.54201487,5.53464722,5.52760134,5.52091716,5.51463173,5.50877912,5.50339045,5.49849384,5.49411443,5.49027435,5.48699275,5.4842858,5.48216673,5.48064578,5.47973029,5.47942463
5.317701,5.31811651,5.31936175,5.32143288,5.32432347,5.32802452,5.33252438,5.33780876,5.34386068,5.35066041,5.35818547,5.36641056,5.37530751,5.38484529,5.39498994,5.40570459,5.41694944,5.42868179,5.4408561,5.45342399,5.46633442,5.47953374,5.49296588,5.50657257,5.52029351,5.53406669,5.54782868,5.56151501,5.57506052,5.58839981,5.60146771,5.61419975,5.62653267,5.63840495,5.64975737,5.6605335,5.67068025,5.68014835,5.68889287,5.69687361,5.70405551,5.71040899,5.71591019,5.72054123,5.72429027,5.72715164,5.72912574,5.73021903,5.73044384,5.7298181,5.72836511,5.72611317,5.72309521,5.71934833,5.71491341,5.70983458,5.70415877,5.69793522,5.69121502,5.68405061,5.67649537,5.66860316,5.66042797,5.6520235,5.64344287,5.6347383,5.62596082,5.61716008,5.60838413,5.59967925,5.5914438,5.58355769,5.57573289,5.56802224,5.56047627,5.55314308,5.54606814,5.53929424,5.53286133,5.52680652,5.52116397,5.5159649,5.51123754,5.50700713,5.50329591,5.50012315,5.49750511,5.4954551,5.49398343,5.49309749,5.49280168
5.317701,5.31811651,5.31936175,5.32143287,5.32432346,5.32802449,5.33252431,5.33780863,5.34386046,5.35066008,5.35818499,5.36640988,5.37530661,5.38484413,5.39498851,5.40570289,5.4169475,5.42867969,5.44085394,5.45342196,5.46633279,5.47953287,5.49296627,5.50657485,5.52029851,5.53407543,5.54784245,5.56153535,5.5750893,5.58843929,5.60152053,5.61426903,5.62662203,5.63851857,5.64990002,5.66071062,5.67089796,5.68041353,5.68921316,5.69725745,5.70451217,5.71094858,5.71654365,5.72128033,5.72514758,5.72814049,5.7302602,5.73151381,5.7319142,5.73147981,5.73023431,5.72820625,5.72542868,5.72193871,5.71777705,5.71298753,5.70761662,5.70171298,5.69532691,5.68850996,5.68131445,5.67379308,5.66599852,5.65798305,5.64979826,5.64149476,5.63312191,5.62472759,5.61635807,5.60834444,5.60087413,5.59339024,5.58594733,5.57859798,5.57139252,5.56437892,5.55760258,5.55110625,5.54492989,5.53911065,5.53368275,5.52867748,5.52412317,5.52004516,5.51646578,5.5134044,5.51087736,5.50889803,5.50747682,5.50662112,5.5063354
5.317701,5.31811651,5.31936175,5.32143287,5.32432344,5.32802445,5.33252424,5.3378085,5.34386024,5.35065973,5.35818448,5.36640917,5.37530565,5.38484288,5.39498694,5.40570098,5.41694526,5.42867714,5.44085116,5.45341907,5.46632998,5.47953043,5.4929646,5.50657446,5.52030006,5.5340798,5.54785071,5.56154884,5.57510967,5.58846848,5.60156091,5.61432336,5.62669358,5.63861112,5.65001795,5.66085891,5.6710823,5.68064033,5.68948958,5.69759148,5.70491261,5.7114251,5.71710679,5.72194148,5.725919,5.72903525,5.73129217,5.73269758,5.73326505,5.73301356,5.73196728,5.73015512,5.72761038,5.72437027,5.72047545,5.71596959,5.71089881,5.70531123,5.69925652,5.69278539,5.6859492,5.67879949,5.67138768,5.66376465,5.65598048,5.64808414,5.64012325,5.63214393,5.62433067,5.61737697,5.61033383,5.60325714,5.59620107,5.58921791,5.58235777,5.57566845,5.56919523,5.56298081,5.55706513,5.55148534,5.54627571,5.54146759,5.53708937,5.53316648,5.52972133,5.52677336,5.524339,5.52243169,5.52106187,5.520237,5.51996154
5.317701,5.31811651,5.31936174,5.32143286,5.32432343,5.32802441,5.33252416,5.33780836,5.34386001,5.35065938,5.35818395,5.36640843,5.37530464,5.38484155,5.39498524,5.40569887,5.4169427,5.42867413,5.44084773,5.45341528,5.46632595,5.47952635,5.49296073,5.5065712,5.52029794,5.53407949,5.54785307,5.56155498,5.57512093,5.58848653,5.60158776,5.61436142,5.62674568,5.63868062,5.65010873,5.66097548,5.67122981,5.68082464,5.68971731,5.69787004,5.70525027,5.71183098,5.7175909,5.72251474,5.72659323,5.72982315,5.7322073,5.73375431,5.7344785,5.73439955,5.73354219,5.73193585,5.72961417,5.7266146,5.7229779,5.71874767,5.7139698,5.70869205,5.70296351,5.69683417,5.6903545,5.68357499,5.67654583,5.66931656,5.66193574,5.65445071,5.64690737,5.63934997,5.63289374,5.62638945,5.61977636,5.61310985,5.60644371,5.59982987,5.59331819,5.58695626,5.58078923,5.57485971,5.56920758,5.56386999,5.55888122,5.55427265,5.55007274,5.54630695,5.54299779,5.54016474,5.53782431,5.53599,5.53467228,5.53387865,5.53361361
5.317701,5.31811651,5.31936174,5.32143286,5.32432341,5.32802438,5.33252409,5.33780823,5.34385978,5.35065902,5.35818342,5.36640766,5.37530358,5.38484014,5.3949834,5.40569654,5.41693983,5.42867066,5.44084363,5.45341056,5.46632064,5.47952054,5.49295458,5.50656495,5.52029194,5.53407421,5.54784917,5.56155328,5.57512249,5.58849268,5.60160013,5.61438199,5.62677685,5.63872524,5.65017016,5.66105766,5.67133729,5.68096265,5.68989184,5.69808787,5.70551899,5.71215907,5.71798775,5.72299067,5.7271595,5.73049197,5.73299179,5.73466851,5.73553728,5.73561857,5.73493782,5.73352506,5.73141445,5.72864379,5.7252541,5.72128902,5.7167944,5.71181772,5.70640765,5.70061358,5.69448517,5.68807197,5.68142303,5.67458656,5.66760966,5.66053807,5.65341591,5.64726176,5.64139128,5.63533683,5.62915449,5.62289908,5.61662396,5.61038069,5.60421884,5.59818576,5.59232645,5.58668337,5.58129635,5.57620249,5.57143605,5.56702843,5.56300813,5.55940064,5.55622854,5.55351135,5.55126563,5.54950492,5.54823975,5.54747764,5.5472231
5.317701,5.31811651,5.31936174,5.32143285,5.3243234,5.32802434,5.33252401,5.33780809,5.34385955,5.35065865,5.35818287,5.36640686,5.37530247,5.38483864,5.39498143,5.405694,5.41693663,5.42866672,5.44083886,5.45340489,5.46631402,5.47951295,5.49294606,5.50655558,5.52028189,5.53406376,5.54783871,5.56154336,5.57511384,5.58848627,5.60159717,5.61438403,5.62678578,5.63874336,5.65020026,5.66110303,5.67140183,5.68105091,5.69000907,5.69824009,5.70571307,5.71240273,5.71828964,5.7233604,5.72760766,5.73103015,5.73363256,5.73542542,5.73642484,5.73665216,5.73613368,5.73490014,5.73298635,5.73043065,5.72727442,5.72356156,5.71933797,5.71465103,5.70954915,5.70408123,5.69829627,5.69224297,5.68596933,5.67952232,5.67294763,5.6662894,5.66033095,5.65518475,5.64978028,5.64417375,5.63842055,5.63257499,5.62668991,5.6208165,5.61500399,5.60929948,5.60374777,5.59839116,5.59326938,5.58841946,5.58387564,5.57966932,5.57582897,5.57238015,5.56934544,5.56674442,5.56459368,5.5629068,5.56169435,5.56096385,5.56071985
5.317701,5.31811651,5.31936174,5.32143285,5.32432338,5.32802431,5.33252394,5.33780795,5.34385932,5.35065828,5.35818231,5.36640605,5.37530132,5.38483706,5.39497932,5.40569126,5.41693312,5.4286623,5.4408334,5.45339825,5.46630605,5.47950354,5.4929351,5.50654301,5.52026768,5.53404796,5.54782145,5.56152489,5.57509456,5.58846674,5.60157819,5.61436664,5.62677133,5.63873359,5.65019729,5.66110949,5.67142088,5.68108632,5.69006531,5.69832234,5.70582734,5.71255589,5.71848952,5.72361576,5.72792831,5.73142691,5.73411734,5.73601117,5.73712554,5.73748282,5.73711024,5.73603944,5.734306,5.73194895,5.72901021,5.72553409,5.72156673,5.71715559,5.71234895,5.70719539,5.70174342,5.69604097,5.69013513,5.68407174,5.67789513,5.6719665,5.66762924,5.66296105,5.65801773,5.65285471,5.64752672,5.64208747,5.63658931,5.63108299,5.6256174,5.62023934,5.61499338,5.60992167,5.60506378,5.60045667,5.59613452,5.59212868,5.58846764,5.58517694,5.58227919,5.579794,5.57773799,5.57612475,5.57496487,5.57426592,5.57403243
5.317701,5.31811651,5.31936174,5.32143284,5.32432337,5.32802427,5.33252387,5.33780782,5.34385909,5.35065791,5.35818174,5.36640521,5.37530012,5.38483541,5.39497709,5.40568831,5.41692929,5.42865742,5.44082726,5.45339064,5.46629675,5.4794923,5.49292168,5.50652718,5.52024922,5.53402668,5.54779722,5.56149764,5.57506432,5.58843367,5.60154261,5.61432909,5.6267326,5.63869475,5.65015981,5.66107524,5.67139224,5.68106623,5.69005732,5.69833075,5.70585721,5.71261316,5.71858103,5.72374936,5.72811286,5.7316724,5.73443484,5.73641289,5.73762484,5.73809415,5.73784915,5.73692249,5.7353507,5.73317364,5.73043398,5.7271766,5.72344807,5.71929611,5.71476905,5.70991534,5.70478313,5.69941978,5.69387158,5.68818334,5.68239816,5.67860055,5.67474869,5.67055048,5.66606084,5.66133443,5.65642528,5.65138648,5.64626988,5.64112577,5.63600265,5.63094703,5.62600321,5.62121314,5.61661626,5.61224939,5.60814663,5.60433929,5.60085583,5.59772179,5.59495976,5.59258937,5.59062725,5.58908702,5.58797927,5.5873116,5.58708853
5.317701,5.31811651,5.31936174,5.32143284,5.32432336,5.32802424,5.3325238,5.33780769,5.34385886,5.35065754,5.35818116,5.36640435,5.3752989,5.38483369,5.39497475,5.40568517,5.41692516,5.42865208,5.44082045,5.45338207,5.46628611,5.47947923,5.49290579,5.50650807,5.52022647,5.53399986,5.54776591,5.56146144,5.5750229,5.58838676,5.60149005,5.61427085,5.62666887,5.63862596,5.65008667,5.66099885,5.67131411,5.6809884,5.68998242,5.69826206,5.70579877,5.71256985,5.71855863,5.72375467,5.72815372,5.73175776,5.73457485,5.7366189,5.73790939,5.73847105,5.73833338,5.73753022,5.73609919,5.73408118,5.73151975,5.72846058,5.72495086,5.72103875,5.71677285,5.71220169,5.70737321,5.70233441,5.69713092,5.69180666,5.68799325,5.68503026,5.68165238,5.67791339,5.67386733,5.66956805,5.66506889,5.66042232,5.65567964,5.65089067,5.64610352,5.64136437,5.63671723,5.63220384,5.62786346,5.62373278,5.61984579,5.61623375,5.61292505,5.60994521,5.60731681,5.60505947,5.60318983,5.60172152,5.60066514,5.60002827,5.59981548
5.317701,5.31811651,5.31936174,5.32143283,5.32432334,5.3280242,5.33252373,5.33780756,5.34385863,5.35065717,5.35818058,5.36640348,5.37529763,5.38483191,5.39497229,5.40568184,5.41692074,5.4286463,5.44081299,5.45337257,5.46627414,5.47946433,5.49288745,5.50648569,5.52019943,5.53396748,5.54772749,5.56141625,5.5749702,5.58832583,5.60142023,5.61419157,5.62657967,5.63852656,5.64997704,5.66087923,5.67118513,5.68085113,5.68983845,5.69811362,5.70564879,5.71242205,5.71841766,5.72362612,5.7280443,5.7316753,5.73452841,5.7366188,5.73796728,5.73859989,5.73854748,5.73784518,5.7365319,5.73464971,5.73224328,5.72935926,5.7260457,5.72235143,5.71832551,5.71401675,5.70947314,5.70474147,5.69986691,5.69572244,5.6937124,5.69122228,5.68830418,5.68501092,5.68139566,5.67751145,5.67341094,5.66914596,5.66476724,5.66032414,5.65586435,5.6514337,5.64707591,5.64283247,5.63874245,5.63484238,5.63116616,5.62774492,5.62460702,5.62177793,5.61928019,5.61713342,5.61535425,5.61395629,5.61295016,5.61234345,5.61214071
5.317701,5.31811651,5.31936174,5.32143283,5.32432333,5.32802417,5.33252366,5.33780743,5.34385841,5.3506568,5.35818,5.36640261,5.37529635,5.38483008,5.39496973,5.40567835,5.41691605,5.4286401,5.4408049,5.45336216,5.4662609,5.47944767,5.4928667,5.50646009,5.52016815,5.5339296,5.54768199,5.56136208,5.57490621,5.58825087,5.6013331,5.61409111,5.62646478,5.63839622,5.64983042,5.66071571,5.67100438,5.6806532,5.68962387,5.69788346,5.70540479,5.71216672,5.71815436,5.72335921,5.72777918,5.73141856,5.73428789,5.73640368,5.73778813,5.7384687,5.73847771,5.73785174,5.73663113,5.73485934,5.73258233,5.72984796,5.72670533,5.72320417,5.71939428,5.71532494,5.71104444,5.70659957,5.70203525,5.70072289,5.69917929,5.6971443,5.69466898,5.69180524,5.68860533,5.68512156,5.68140584,5.67750937,5.67348235,5.66937361,5.66523044,5.66109829,5.6570206,5.65303859,5.64919113,5.64551457,5.64204267,5.63880648,5.63583426,5.63315143,5.63078051,5.62874106,5.62704971,5.62572007,5.62476274,5.6241853,5.62399232
5.317701,5.31811651,5.31936174,5.32143283,5.32432332,5.32802414,5.33252359,5.3378073,5.34385819,5.35065643,5.35817942,5.36640172,5.37529504,5.3848282,5.39496709,5.4056747,5.41691111,5.4286335,5.44079622,5.45335088,5.46624643,5.47942929,5.4928436,5.50643136,5.52013273,5.53388631,5.54762954,5.56129904,5.57483106,5.58816196,5.60122874,5.61396953,5.62632419,5.63823489,5.64964666,5.660508,5.67077142,5.68039397,5.68933776,5.69757034,5.70506514,5.71180172,5.71776603,5.72295052,5.72735416,5.73098243,5.73384715,5.7359662,5.73736326,5.73806733,5.73811228,5.73753631,5.73638135,5.73469241,5.73251699,5.72990434,5.72690486,5.72356944,5.71994885,5.71609312,5.71205105,5.70786972,5.70601184,5.70546405,5.70436558,5.70276518,5.70071292,5.69825977,5.69545717,5.69235661,5.68900933,5.68546591,5.68177596,5.67798786,5.67414844,5.6703028,5.66649405,5.66276315,5.65914875,5.65568703,5.6524116,5.64935339,5.64654057,5.64399849,5.64174961,5.63981349,5.63820669,5.63694283,5.63603249,5.63548325,5.63529966
5.317701,5.31811651,5.31936174,5.32143282,5.3243233,5.32802411,5.33252353,5.33780718,5.34385797,5.35065607,5.35817884,5.36640084,5.37529372,5.38482628,5.39496437,5.40567092,5.41690594,5.42862654,5.44078699,5.45333879,5.46623078,5.47940928,5.49281827,5.50639961,5.5200933,5.53383778,5.54757032,5.56122735,5.57474497,5.58805938,5.60110742,5.6138271,5.62615819,5.6380428,5.64942597,5.66025625,5.67048628,5.68007334,5.68897983,5.69717374,5.70462901,5.71132586,5.71725102,5.72239784,5.72676637,5.73036325,5.7332016,5.73530074,5.73668587,5.73738761,5.73744152,5.73688754,5.73576935,5.73413373,5.73202988,5.7295087,5.72662215,5.7234225,5.71996176,5.71629099,5.7124598,5.70955224,5.71003962,5.70992165,5.70924427,5.70805521,5.70640359,5.7043395,5.70191354,5.69917647,5.69617884,5.6929706,5.68960084,5.68611743,5.68256679,5.67899364,5.67544078,5.6719489,5.66855641,5.66529932,5.66221107,5.65932246,5.65666159,5.6542537,5.65212122,5.65028364,5.64875751,5.6475564,5.64669089,5.64616856,5.64599395
5.317701,5.31811651,5.31936174,5.32143282,5.32432329,5.32802408,5.33252347,5.33780706,5.34385776,5.35065572,5.35817828,5.36639995,5.3752924,5.38482434,5.39496159,5.40566702,5.41690056,5.42861925,5.44077725,5.45332595,5.46621405,5.47938774,5.49279083,5.506365,5.52005005,5.53378423,5.54750458,5.56114732,5.57464831,5.58794352,5.60096958,5.61366431,5.6259673,5.63782053,5.64916893,5.65996104,5.67014954,5.67969182,5.68855051,5.69669393,5.70409647,5.71073893,5.71660878,5.72170022,5.72601431,5.72955888,5.73234836,5.73440351,5.73575111,5.7364235,5.73645803,5.7358965,5.73478452,5.73317081,5.73110647,5.72864432,5.72583807,5.72274169,5.7194087,5.71589148,5.71224073,5.71289175,5.71378843,5.71407282,5.71378984,5.71298626,5.71171029,5.71001115,5.70793868,5.70554292,5.70287374,5.69998053,5.69691181,5.69371501,5.69043611,5.68711948,5.6838076,5.68054088,5.67735752,5.67429331,5.67138156,5.66865292,5.66613538,5.66385412,5.66183149,5.66008692,5.65863693,5.65749507,5.6566719,5.65617498,5.65600883
5.317701,5.31811651,5.31936174,5.32143282,5.32432328,5.32802406,5.33252341,5.33780695,5.34385756,5.35065538,5.35817772,5.36639908,5.37529107,5.38482238,5.39495876,5.40566302,5.41689501,5.42861167,5.44076706,5.45331242,5.46619633,5.47936479,5.49276142,5.5063277,5.52000321,5.53372594,5.54743267,5.56105934,5.57454153,5.58781492,5.60081586,5.61348188,5.62575232,5.63756894,5.6488765,5.6596234,5.66976226,5.6792505,5.68805089,5.69613197,5.7034685,5.7100418,5.71583995,5.720858,5.72509797,5.72856882,5.73128629,5.73327264,5.73455627,5.73517126,5.73515687,5.7345569,5.73341902,5.73179407,5.72973531,5.72729763,5.72453682,5.7215088,5.71826889,5.7148711,5.71402869,5.71596413,5.71723944,5.71789623,5.71797846,5.71753199,5.71660418,5.71524346,5.71349893,5.71141993,5.70905573,5.70645514,5.70366619,5.70073583,5.69770965,5.69463167,5.69154405,5.68848695,5.68549833,5.68261379,5.67986648,5.67728693,5.674903,5.6727398,5.67081959,5.66916177,5.66778281,5.66669622,5.66591255,5.66543932,5.66528108
5.317701,5.31811651,5.31936173,5.32143281,5.32432327,5.32802403,5.33252336,5.33780685,5.34385737,5.35065504,5.35817717,5.36639822,5.37528975,5.38482042,5.39495591,5.40565896,5.41688933,5.42860386,5.44075648,5.4532983,5.46617772,5.47934056,5.49273022,5.50628795,5.51995305,5.53366324,5.54735499,5.5609639,5.57442522,5.58767427,5.60064704,5.61328071,5.6255143,5.63728922,5.64854999,5.65924476,5.66932601,5.67875109,5.68748277,5.69548974,5.70274702,5.70923634,5.71494636,5.71987287,5.72401879,5.72739421,5.73001615,5.73190833,5.73310082,5.73362953,5.73353569,5.7328652,5.73166797,5.72999712,5.72790824,5.72545858,5.72270624,5.71970937,5.7165254,5.71348048,5.71646877,5.71875443,5.72037534,5.72137219,5.72178806,5.72166798,5.72105853,5.72000739,5.71856296,5.71677398,5.7146891,5.71235663,5.7098241,5.70713803,5.70434366,5.70148464,5.69860285,5.6957382,5.69292841,5.69020892,5.68761269,5.68517015,5.68290904,5.68085437,5.67902835,5.6774503,5.67613666,5.67510091,5.67435356,5.67390214,5.67375117
5.317701,5.31811651,5.31936173,5.32143281,5.32432327,5.32802401,5.33252331,5.33780675,5.34385719,5.35065473,5.35817665,5.36639738,5.37528845,5.38481846,5.39495304,5.40565485,5.41688354,5.42859586,5.44074558,5.45328367,5.46615835,5.47931521,5.49269743,5.50624598,5.51989989,5.53359653,5.54727201,5.56086158,5.57430007,5.58752239,5.60046409,5.61306195,5.62525453,5.63698287,5.64819109,5.65882704,5.66884292,5.6781959,5.68684867,5.69476993,5.70193488,5.70832555,5.71393108,5.71874791,5.72277983,5.72603795,5.72854056,5.73031287,5.73138658,5.73179949,5.73159487,5.73082084,5.72952964,5.72777687,5.72562066,5.72312082,5.72033803,5.71733297,5.71416549,5.71534316,5.71864903,5.72124909,5.72318039,5.72448278,5.72519854,5.72537196,5.72504888,5.72427633,5.72310207,5.72157426,5.71974103,5.71765018,5.71534881,5.71288306,5.7102978,5.70763636,5.70494035,5.70224944,5.69960116,5.69703075,5.69457103,5.69225229,5.69010218,5.68814563,5.68640475,5.68489884,5.68364427,5.6826545,5.68194001,5.68150831,5.68136391
5.317701,5.31811651,5.31936173,5.32143281,5.32432326,5.32802399,5.33252326,5.33780666,5.34385702,5.35065442,5.35817614,5.36639656,5.37528718,5.38481653,5.39495019,5.40565072,5.41687769,5.42858771,5.44073443,5.45326863,5.46613833,5.4792889,5.49266327,5.50620209,5.51984408,5.53352624,5.54718429,5.56075304,5.57416688,5.58736023,5.60026816,5.61282691,5.62497457,5.63665167,5.64780186,5.65837256,5.6683156,5.67758785,5.6861518,5.69397607,5.70103589,5.7073135,5.7127984,5.71748761,5.72138567,5.72450468,5.72686416,5.72849071,5.72941775,5.72968493,5.72933764,5.72842629,5.72700561,5.72513379,5.72287169,5.72028195,5.71742805,5.7143735,5.71264745,5.71697414,5.72055932,5.72343603,5.72564052,5.72721194,5.72819186,5.72862388,5.72855322,5.72802631,5.72709035,5.72579297,5.72418184,5.72230432,5.72020711,5.71793598,5.71553548,5.71304868,5.71051693,5.70797967,5.70547423,5.7030357,5.70069678,5.69848761,5.69643576,5.69456606,5.69290058,5.69145854,5.69025628,5.68930723,5.68862184,5.6882076,5.68806903
5.317701,5.31811651,5.31936173,5.32143281,5.32432325,5.32802397,5.33252322,5.33780657,5.34385686,5.35065414,5.35817566,5.36639577,5.37528594,5.38481463,5.39494736,5.4056466,5.41687182,5.42857949,5.44072312,5.45325329,5.46611782,5.47926183,5.49262797,5.50615658,5.519786,5.53345285,5.54709241,5.56063902,5.57402654,5.58718888,5.60006052,5.61257714,5.62467622,5.63629771,5.6473847,5.65788407,5.66774717,5.67693045,5.68539608,5.69311247,5.70005479,5.70620532,5.71155386,5.71609785,5.71984252,5.72280087,5.72499355,5.72644857,5.72720097,5.72729233,5.72677016,5.72568723,5.72410086,5.72207199,5.71966439,5.71694371,5.71397652,5.71082943,5.71379871,5.71836629,5.72219083,5.72530465,5.7277434,5.72954557,5.73075212,5.73140609,5.73155214,5.73123617,5.73050491,5.72940554,5.7279853,5.72629118,5.72436952,5.72226581,5.72002428,5.71768777,5.71529739,5.7128924,5.71050997,5.70818504,5.70595016,5.70383539,5.7018682,5.70007335,5.69847284,5.69708585,5.69592869,5.69501474,5.69435444,5.69395527,5.69382171
5.317701,5.31811651,5.31936173,5.3214328,5.32432324,5.32802396,5.33252319,5.3378065,5.34385671,5.35065387,5.3581752,5.36639502,5.37528474,5.38481278,5.39494458,5.40564252,5.41686597,5.42857125,5.44071171,5.45323775,5.46609696,5.4792342,5.4925918,5.50610978,5.51972608,5.5333769,5.54699704,5.56052033,5.57388006,5.58700954,5.59984262,5.61231434,5.62436149,5.63592335,5.64694235,5.65736473,5.66714124,5.67622779,5.68458612,5.69218428,5.69899724,5.70500726,5.71020423,5.71458594,5.71815818,5.72093476,5.72293738,5.72419538,5.72474541,5.72463092,5.72390159,5.72261261,5.72082394,5.71859942,5.71600588,5.71311218,5.70998824,5.70920772,5.71474687,5.71951358,5.72353601,5.72684595,5.72947849,5.7314716,5.73286574,5.73370346,5.73402896,5.73388772,5.73332607,5.73239079,5.73112879,5.72958672,5.72781066,5.7258458,5.72373617,5.72152436,5.71925132,5.71695613,5.71467583,5.71244521,5.71029674,5.70826038,5.70636351,5.70463084,5.70308432,5.70174308,5.70062339,5.69973861,5.69909915,5.6987125,5.69858311
5.317701,5.31811651,5.31936173,5.3214328,5.32432324,5.32802394,5.33252315,5.33780643,5.34385658,5.35065363,5.35817477,5.3663943,5.37528359,5.38481099,5.39494187,5.40563852,5.41686018,5.42856305,5.44070031,5.45322214,5.46607591,5.4792062,5.49255503,5.50606204,5.51966477,5.53329896,5.5468989,5.56039785,5.5737285,5.58682351,5.59961604,5.61204039,5.62403261,5.63553123,5.64647788,5.65681808,5.66650187,5.67548451,5.68372715,5.69119739,5.69786984,5.70372657,5.70875748,5.71296056,5.71634204,5.7189164,5.7207063,5.72174234,5.72206272,5.72171271,5.72074416,5.71921471,5.71718701,5.71472792,5.71190746,5.70879792,5.70547275,5.70979241,5.71548819,5.72041106,5.72458871,5.7280525,5.7308371,5.73298006,5.73452146,5.73550345,5.73596989,5.7359659,5.73553749,5.73473116,5.73359352,5.73217099,5.7305094,5.72865373,5.72664782,5.72453411,5.72235338,5.7201446,5.71794466,5.71578827,5.71370781,5.71173317,5.70989167,5.70820797,5.70670395,5.70539873,5.70430855,5.70344674,5.70282371,5.70244691,5.70232081
5.317701,5.31811651,5.31936173,5.3214328,5.32432324,5.32802393,5.33252313,5.33780637,5.34385646,5.35065341,5.35817438,5.36639364,5.3752825,5.38480927,5.39493924,5.40563461,5.4168545,5.42855496,5.44068899,5.45320658,5.46605484,5.47917806,5.49251794,5.50601373,5.51960254,5.53321962,5.54679873,5.56027251,5.57357303,5.58663221,5.59938248,5.61175734,5.62369202,5.63512419,5.64599465,5.65624803,5.66583358,5.67470578,5.68282506,5.69015843,5.69668001,5.70237154,5.70722278,5.71123177,5.71440503,5.7167576,5.71831298,5.71910292,5.71916707,5.71855251,5.71731318,5.71550918,5.71320593,5.71047334,5.70738477,5.70401607,5.70360647,5.71021144,5.71601978,5.72105487,5.72534409,5.72891848,5.73181241,5.73406315,5.73571046,5.73679624,5.73736408,5.73745886,5.73712635,5.73641282,5.73536472,5.73402825,5.73244909,5.73067206,5.72874087,5.72669782,5.7245836,5.72243707,5.72029504,5.71819215,5.71616071,5.71423056,5.71242897,5.71078056,5.70930719,5.70802794,5.70695903,5.70611379,5.7055026,5.7051329,5.70500917
5.317701,5.31811651,5.31936173,5.3214328,5.32432323,5.32802392,5.33252311,5.33780632,5.34385636,5.35065321,5.35817402,5.36639302,5.37528147,5.38480764,5.39493673,5.40563084,5.41684897,5.42854704,5.44067785,5.45319119,5.46603391,5.47915001,5.49248083,5.50596524,5.51953989,5.53313953,5.54669732,5.56014531,5.57341485,5.58643713,5.59914375,5.61146737,5.62334232,5.63470533,5.64549627,5.65565882,5.66514128,5.67389724,5.6818863,5.68907473,5.69543602,5.70095144,5.70561041,5.70941091,5.71235958,5.71447189,5.71577203,5.71629278,5.71607512,5.71516787,5.71362701,5.71151506,5.70890024,5.70585554,5.70245777,5.69878649,5.70379064,5.71046342,5.71633956,5.72144226,5.7257987,5.72943974,5.73239957,5.73471525,5.73642641,5.73757476,5.73820374,5.73835806,5.73808338,5.73742583,5.73643173,5.73514717,5.73361773,5.73188815,5.73000204,5.72800163,5.72592755,5.72381858,5.7217115,5.7196409,5.71763905,5.71573576,5.71395826,5.71233115,5.71087629,5.70961272,5.70855666,5.70772141,5.70711737,5.70675196,5.70662966
5.317701,5.31811651,5.31936173,5.3214328,5.32432323,5.32802392,5.33252309,5.33780628,5.34385627,5.35065304,5.3581737,5.36639245,5.37528053,5.38480612,5.39493434,5.40562722,5.41684364,5.42853935,5.44066697,5.45317609,5.46601329,5.47912227,5.492444,5.50591696,5.51947733,5.53305932,5.54659551,5.56001728,5.57325525,5.58623982,5.59890175,5.61117277,5.62298625,5.63427793,5.64498661,5.65505496,5.66443023,5.67306498,5.68091788,5.68795428,5.69414691,5.6994764,5.70393173,5.70751057,5.71021958,5.71207446,5.71309996,5.71332972,5.71280596,5.71157908,5.70970706,5.70725477,5.70429318,5.70089843,5.69715081,5.69634122,5.70385208,5.7105475,5.71644629,5.72157157,5.72595046,5.72961378,5.73259561,5.734933,5.73666548,5.73783474,5.73848414,5.73865837,5.73840301,5.73776417,5.73678812,5.73552091,5.73400809,5.73229437,5.73042332,5.72843717,5.7263765,5.72428009,5.7221847,5.7201249,5.71813294,5.71623862,5.71446918,5.7128492,5.71140052,5.71014219,5.70909042,5.70825852,5.70765687,5.7072929,5.70717108
5.317701,5.31811651,5.31936173,5.3214328,5.32432323,5.32802392,5.33252311,5.33780632,5.34385636,5.35065321,5.35817402,5.36639302,5.37528147,5.38480764,5.39493673,5.40563084,5.41684897,5.42854704,5.44067785,5.45319119,5.46603391,5.47915001,5.49248083,5.50596524,5.51953989,5.53313953,5.54669732,5.56014531,5.57341485,5.58643713,5.59914375,5.61146737,5.62334232,5.63470533,5.64549627,5.65565882,5.66514128,5.67389724,5.6818863,5.68907473,5.69543602,5.70095144,5.70561041,5.70941091,5.71235958,5.71447189,5.71577203,5.71629278,5.71607512,5.71516787,5.71362701,5.71151506,5.70890024,5.70585554,5.70245777,5.69878649,5.70379064,5.71046342,5.71633956,5.72144226,5.7257987,5.72943974,5.73239957,5.73471525,5.73642641,5.73757476,5.73820374,5.73835806,5.73808338,5.73742583,5.73643173,5.73514717,5.73361773,5.73188815,5.73000204,5.72800163,5.72592755,5.72381858,5.7217115,5.7196409,5.71763905,5.71573576,5.71395826,5.71233115,5.71087629,5.70961272,5.70855666,5.70772141,5.70711737,5.70675196,5.70662966
5.317701,5.31811651,5.31936173,5.3214328,5.32432324,5.32802393,5.33252313,5.33780637,5.34385646,5.35065341,5.35817438,5.36639364,5.3752825,5.38480927,5.39493924,5.40563461,5.4168545,5.42855496,5.44068899,5.45320658,5.46605484,5.47917806,5.49251794,5.50601373,5.51960254,5.53321962,5.54679873,5.56027251,5.57357303,5.58663221,5.59938248,5.61175734,5.62369202,5.63512419,5.64599465,5.65624803,5.66583358,5.67470578,5.68282506,5.69015843,5.69668001,5.70237154,5.70722278,5.71123177,5.71440503,5.7167576,5.71831298,5.71910292,5.71916707,5.71855251,5.71731318,5.71550918,5.71320593,5.71047334,5.70738477,5.70401607,5.70360647,5.71021144,5.71601978,5.72105487,5.72534409,5.72891848,5.73181241,5.73406315,5.73571046,5.73679624,5.73736408,5.73745886,5.73712635,5.73641282,5.73536472,5.73402825,5.73244909,5.73067206,5.72874087,5.72669782,5.7245836,5.72243707,5.72029504,5.71819215,5.71616071,5.71423056,5.71242897,5.71078056,5.70930719,5.70802794,5.70695903,5.70611379,5.7055026,5.7051329,5.70500917
5.317701,5.31811651,5.31936173,5.3214328,5.32432324,5.32802394,5.33252315,5.33780643,5.34385658,5.35065363,5.35817477,5.3663943,5.37528359,5.38481099,5.39494187,5.40563852,5.41686018,5.42856305,5.44070031,5.45322214,5.46607591,5.4792062,5.49255503,5.50606204,5.51966477,5.53329896,5.5468989,5.56039785,5.5737285,5.58682351,5.59961604,5.61204039,5.62403261,5.63553123,5.64647788,5.65681808,5.66650187,5.67548451,5.68372715,5.69119739,5.69786984,5.70372657,5.70875748,5.71296056,5.71634204,5.7189164,5.7207063,5.72174234,5.72206272,5.72171271,5.72074416,5.71921471,5.71718701,5.71472792,5.71190746,5.70879792,5.70547275,5.70979241,5.71548819,5.72041106,5.72458871,5.7280525,5.7308371,5.73298006,5.73452146,5.73550345,5.73596989,5.7359659,5.73553749,5.73473116,5.73359352,5.73217099,5.7305094,5.72865373,5.72664782,5.72453411,5.72235338,5.7201446,5.71794466,5.71578827,5.71370781,5.71173317,5.70989167,5.70820797,5.70670395,5.70539873,5.70430855,5.70344674,5.70282371,5.70244691,5.70232081
5.317701,5.31811651,5.31936173,5.3214328,5.32432324,5.32802396,5.33252319,5.3378065,5.34385671,5.35065387,5.3581752,5.36639502,5.37528474,5.38481278,5.39494458,5.40564252,5.41686597,5.42857125,5.44071171,5.45323775,5.46609696,5.4792342,5.4925918,5.50610978,5.51972608,5.5333769,5.54699704,5.56052033,5.57388006,5.58700954,5.59984262,5.61231434,5.62436149,5.63592335,5.64694235,5.65736473,5.66714124,5.67622779,5.68458612,5.69218428,5.69899724,5.70500726,5.71020423,5.71458594,5.71815818,5.72093476,5.72293738,5.72419538,5.72474541,5.72463092,5.72390159,5.72261261,5.72082394,5.71859942,5.71600588,5.71311218,5.70998824,5.70920772,5.71474687,5.71951358,5.72353601,5.72684595,5.72947849,5.7314716,5.73286574,5.73370346,5.73402896,5.73388772,5.73332607,5.73239079,5.73112879,5.72958672,5.72781066,5.7258458,5.72373617,5.72152436,5.71925132,5.71695613,5.71467583,5.71244521,5.71029674,5.70826038,5.70636351,5.70463084,5.70308432,5.70174308,5.70062339,5.69973861,5.69909915,5.6987125,5.69858311
5.317701,5.31811651,5.31936173,5.32143281,5.32432325,5.32802397,5.33252322,5.33780657,5.34385686,5.35065414,5.35817566,5.36639577,5.37528594,5.38481463,5.39494736,5.4056466,5.41687182,5.42857949,5.44072312,5.45325329,5.46611782,5.47926183,5.49262797,5.50615658,5.519786,5.53345285,5.54709241,5.56063902,5.57402654,5.58718888,5.60006052,5.61257714,5.62467622,5.63629771,5.6473847,5.65788407,5.66774717,5.67693045,5.68539608,5.69311247,5.70005479,5.70620532,5.71155386,5.71609785,5.71984252,5.72280087,5.72499355,5.72644857,5.72720097,5.72729233,5.72677016,5.72568723,5.72410086,5.72207199,5.71966439,5.71694371,5.71397652,5.71082943,5.71379871,5.71836629,5.72219083,5.72530465,5.7277434,5.72954557,5.73075212,5.73140609,5.73155214,5.73123617,5.73050491,5.72940554,5.7279853,5.72629118,5.72436952,5.72226581,5.72002428,5.71768777,5.71529739,5.7128924,5.71050997,5.70818504,5.70595016,5.70383539,5.7018682,5.70007335,5.69847284,5.69708585,5.69592869,5.69501474,5.69435444,5.69395527,5.69382171
5.317701,5.31811651,5.31936173,5.32143281,5.32432326,5.32802399,5.33252326,5.33780666,5.34385702,5.35065442,5.35817614,5.36639656,5.37528718,5.38481653,5.39495019,5.40565072,5.41687769,5.42858771,5.44073443,5.45326863,5.46613833,5.4792889,5.49266327,5.50620209,5.51984408,5.53352624,5.54718429,5.56075304,5.57416688,5.58736023,5.60026816,5.61282691,5.62497457,5.63665167,5.64780186,5.65837256,5.6683156,5.67758785,5.6861518,5.69397607,5.70103589,5.7073135,5.7127984,5.71748761,5.72138567,5.72450468,5.72686416,5.72849071,5.72941775,5.72968493,5.72933764,5.72842629,5.72700561,5.72513379,5.72287169,5.72028195,5.71742805,5.7143735,5.71264745,5.71697414,5.72055932,5.72343603,5.72564052,5.72721194,5.72819186,5.72862388,5.72855322,5.72802631,5.72709035,5.72579297,5.72418184,5.72230432,5.72020711,5.71793598,5.71553548,5.71304868,5.71051693,5.70797967,5.70547423,5.7030357,5.70069678,5.69848761,5.69643576,5.69456606,5.69290058,5.69145854,5.69025628,5.68930723,5.68862184,5.6882076,5.68806903
5.317701,5.31811651,5.31936173,5.32143281,5.32432327,5.32802401,5.33252331,5.33780675,5.34385719,5.35065473,5.35817665,5.36639738,5.37528845,5.38481846,5.39495304,5.40565485,5.41688354,5.42859586,5.44074558,5.45328367,5.46615835,5.47931521,5.49269743,5.50624598,5.51989989,5.53359653,5.54727201,5.56086158,5.57430007,5.58752239,5.60046409,5.61306195,5.62525453,5.63698287,5.64819109,5.65882704,5.66884292,5.6781959,5.68684867,5.69476993,5.70193488,5.70832555,5.71393108,5.71874791,5.72277983,5.72603795,5.72854056,5.73031287,5.73138658,5.73179949,5.73159487,5.73082084,5.72952964,5.72777687,5.72562066,5.72312082,5.72033803,5.71733297,5.71416549,5.71534316,5.71864903,5.72124909,5.72318039,5.72448278,5.72519854,5.72537196,5.72504888,5.72427633,5.72310207,5.72157426,5.71974103,5.71765018,5.71534881,5.71288306,5.7102978,5.70763636,5.70494035,5.70224944,5.69960116,5.69703075,5.69457103,5.69225229,5.69010218,5.68814563,5.68640475,5.68489884,5.68364427,5.6826545,5.68194001,5.68150831,5.68136391
5.317701,5.31811651,5.31936173,5.32143281,5.32432327,5.32802403,5.33252336,5.33780685,5.34385737,5.35065504,5.35817717,5.36639822,5.37528975,5.38482042,5.39495591,5.40565896,5.41688933,5.42860386,5.44075648,5.4532983,5.46617772,5.47934056,5.49273022,5.50628795,5.51995305,5.53366324,5.54735499,5.5609639,5.57442522,5.58767427,5.60064704,5.61328071,5.6255143,5.63728922,5.64854999,5.65924476,5.66932601,5.67875109,5.68748277,5.69548974,5.70274702,5.70923634,5.71494636,5.71987287,5.72401879,5.72739421,5.73001615,5.73190833,5.73310082,5.73362953,5.73353569,5.7328652,5.73166797,5.72999712,5.72790824,5.72545858,5.72270624,5.71970937,5.7165254,5.71348048,5.71646877,5.71875443,5.72037534,5.72137219,5.72178806,5.72166798,5.72105853,5.72000739,5.71856296,5.71677398,5.7146891,5.71235663,5.7098241,5.70713803,5.70434366,5.70148464,5.69860285,5.6957382,5.69292841,5.69020892,5.68761269,5.68517015,5.68290904,5.68085437,5.67902835,5.6774503,5.67613666,5.67510091,5.67435356,5.67390214,5.67375117
5.317701,5.31811651,5.31936174,5.32143282,5.32432328,5.32802406,5.33252341,5.33780695,5.34385756,5.35065538,5.35817772,5.36639908,5.37529107,5.38482238,5.39495876,5.40566302,5.41689501,5.42861167,5.44076706,5.45331242,5.46619633,5.47936479,5.49276142,5.5063277,5.52000321,5.53372594,5.54743267,5.56105934,5.57454153,5.58781492,5.60081586,5.61348188,5.62575232,5.63756894,5.6488765,5.6596234,5.66976226,5.6792505,5.68805089,5.69613197,5.7034685,5.7100418,5.71583995,5.720858,5.72509797,5.72856882,5.73128629,5.73327264,5.73455627,5.73517126,5.73515687,5.7345569,5.73341902,5.73179407,5.72973531,5.72729763,5.72453682,5.7215088,5.71826889,5.7148711,5.71402869,5.71596413,5.71723944,5.71789623,5.71797846,5.71753199,5.71660418,5.71524346,5.71349893,5.71141993,5.70905573,5.70645514,5.70366619,5.70073583,5.69770965,5.69463167,5.69154405,5.68848695,5.68549833,5.68261379,5.67986648,5.67728693,5.674903,5.6727398,5.67081959,5.66916177,5.66778281,5.66669622,5.66591255,5.66543932,5.66528108
5.317701,5.31811651,5.31936174,5.32143282,5.32432329,5.32802408,5.33252347,5.33780706,5.34385776,5.35065572,5.35817828,5.36639995,5.3752924,5.38482434,5.39496159,5.40566702,5.41690056,5.42861925,5.44077725,5.45332595,5.46621405,5.47938774,5.49279083,5.506365,5.52005005,5.53378423,5.54750458,5.56114732,5.57464831,5.58794352,5.60096958,5.61366431,5.6259673,5.63782053,5.64916893,5.65996104,5.67014954,5.67969182,5.68855051,5.69669393,5.70409647,5.71073893,5.71660878,5.72170022,5.72601431,5.72955888,5.73234836,5.73440351,5.73575111,5.7364235,5.73645803,5.7358965,5.73478452,5.73317081,5.73110647,5.72864432,5.72583807,5.72274169,5.7194087,5.71589148,5.71224073,5.71289175,5.71378843,5.71407282,5.71378984,5.71298626,5.71171029,5.71001115,5.70793868,5.70554292,5.70287374,5.69998053,5.69691181,5.69371501,5.69043611,5.68711948,5.6838076,5.68054088,5.67735752,5.67429331,5.67138156,5.66865292,5.66613538,5.66385412,5.66183149,5.66008692,5.65863693,5.65749507,5.6566719,5.65617498,5.65600883
5.317701,5.31811651,5.31936174,5.32143282,5.3243233,5.32802411,5.33252353,5.33780718,5.34385797,5.35065607,5.35817884,5.36640084,5.37529372,5.38482628,5.39496437,5.40567092,5.41690594,5.42862654,5.44078699,5.45333879,5.46623078,5.47940928,5.49281827,5.50639961,5.5200933,5.53383778,5.54757032,5.56122735,5.57474497,5.58805938,5.60110742,5.6138271,5.62615819,5.6380428,5.64942597,5.66025625,5.67048628,5.68007334,5.68897983,5.69717374,5.70462901,5.71132586,5.71725102,5.72239784,5.72676637,5.73036325,5.7332016,5.73530074,5.73668587,5.73738761,5.73744152,5.73688754,5.73576935,5.73413373,5.73202988,5.7295087,5.72662215,5.7234225,5.71996176,5.71629099,5.7124598,5.70955224,5.71003962,5.70992165,5.70924427,5.70805521,5.70640359,5.7043395,5.70191354,5.69917647,5.69617884,5.6929706,5.68960084,5.68611743,5.68256679,5.67899364,5.67544078,5.6719489,5.66855641,5.66529932,5.66221107,5.65932246,5.65666159,5.6542537,5.65212122,5.65028364,5.64875751,5.6475564,5.64669089,5.64616856,5.64599395
5.317701,5.31811651,5.31936174,5.32143283,5.32432332,5.32802414,5.33252359,5.3378073,5.34385819,5.35065643,5.35817942,5.36640172,5.37529504,5.3848282,5.39496709,5.4056747,5.41691111,5.4286335,5.44079622,5.45335088,5.46624643,5.47942929,5.4928436,5.50643136,5.52013273,5.53388631,5.54762954,5.56129904,5.57483106,5.58816196,5.60122874,5.61396953,5.62632419,5.63823489,5.64964666,5.660508,5.67077142,5.68039397,5.68933776,5.69757034,5.70506514,5.71180172,5.71776603,5.72295052,5.72735416,5.73098243,5.73384715,5.7359662,5.73736326,5.73806733,5.73811228,5.73753631,5.73638135,5.73469241,5.73251699,5.72990434,5.72690486,5.72356944,5.71994885,5.71609312,5.71205105,5.70786972,5.70601184,5.70546405,5.70436558,5.70276518,5.70071292,5.69825977,5.69545717,5.69235661,5.68900933,5.68546591,5.68177596,5.67798786,5.67414844,5.6703028,5.66649405,5.66276315,5.65914875,5.65568703,5.6524116,5.64935339,5.64654057,5.64399849,5.64174961,5.63981349,5.63820669,5.63694283,5.63603249,5.63548325,5.63529966
5.317701,5.31811651,5.31936174,5.32143283,5.32432333,5.32802417,5.33252366,5.33780743,5.34385841,5.3506568,5.35818,5.36640261,5.37529635,5.38483008,5.39496973,5.40567835,5.41691605,5.4286401,5.4408049,5.45336216,5.4662609,5.47944767,5.4928667,5.50646009,5.52016815,5.5339296,5.54768199,5.56136208,5.57490621,5.58825087,5.6013331,5.61409111,5.62646478,5.63839622,5.64983042,5.66071571,5.67100438,5.6806532,5.68962387,5.69788346,5.70540479,5.71216672,5.71815436,5.72335921,5.72777918,5.73141856,5.73428789,5.73640368,5.73778813,5.7384687,5.73847771,5.73785174,5.73663113,5.73485934,5.73258233,5.72984796,5.72670533,5.72320417,5.71939428,5.71532494,5.71104444,5.70659957,5.70203525,5.70072289,5.69917929,5.6971443,5.69466898,5.69180524,5.68860533,5.68512156,5.68140584,5.67750937,5.67348235,5.66937361,5.66523044,5.66109829,5.6570206,5.65303859,5.64919113,5.64551457,5.64204267,5.63880648,5.63583426,5.63315143,5.63078051,5.62874106,5.62704971,5.62572007,5.62476274,5.6241853,5.62399232
5.317701,5.31811651,5.31936174,5.32143283,5.32432334,5.3280242,5.33252373,5.33780756,5.34385863,5.35065717,5.35818058,5.36640348,5.37529763,5.38483191,5.39497229,5.40568184,5.41692074,5.4286463,5.44081299,5.45337257,5.46627414,5.47946433,5.49288745,5.50648569,5.52019943,5.53396748,5.54772749,5.56141625,5.5749702,5.58832583,5.60142023,5.61419157,5.62657967,5.63852656,5.64997704,5.66087923,5.67118513,5.68085113,5.68983845,5.69811362,5.70564879,5.71242205,5.71841766,5.72362612,5.7280443,5.7316753,5.73452841,5.7366188,5.73796728,5.73859989,5.73854748,5.73784518,5.7365319,5.73464971,5.73224328,5.72935926,5.7260457,5.72235143,5.71832551,5.71401675,5.70947314,5.70474147,5.69986691,5.69572244,5.6937124,5.69122228,5.68830418,5.68501092,5.68139566,5.67751145,5.67341094,5.66914596,5.66476724,5.66032414,5.65586435,5.6514337,5.64707591,5.64283247,5.63874245,5.63484238,5.63116616,5.62774492,5.62460702,5.62177793,5.61928019,5.61713342,5.61535425,5.61395629,5.61295016,5.61234345,5.61214071
5.317701,5.31811651,5.31936174,5.32143284,5.32432336,5.32802424,5.3325238,5.33780769,5.34385886,5.35065754,5.35818116,5.36640435,5.3752989,5.38483369,5.39497475,5.40568517,5.41692516,5.42865208,5.44082045,5.45338207,5.46628611,5.47947923,5.49290579,5.50650807,5.52022647,5.53399986,5.54776591,5.56146144,5.5750229,5.58838676,5.60149005,5.61427085,5.62666887,5.63862596,5.65008667,5.66099885,5.67131411,5.6809884,5.68998242,5.69826206,5.70579877,5.71256985,5.71855863,5.72375467,5.72815372,5.73175776,5.73457485,5.7366189,5.73790939,5.73847105,5.73833338,5.73753022,5.73609919,5.73408118,5.73151975,5.72846058,5.72495086,5.72103875,5.71677285,5.71220169,5.70737321,5.70233441,5.69713092,5.69180666,5.68799325,5.68503026,5.68165238,5.67791339,5.67386733,5.66956805,5.66506889,5.66042232,5.65567964,5.65089067,5.64610352,5.64136437,5.63671723,5.63220384,5.62786346,5.62373278,5.61984579,5.61623375,5.61292505,5.60994521,5.60731681,5.60505947,5.60318983,5.60172152,5.60066514,5.60002827,5.59981548
5.317701,5.31811651,5.31936174,5.32143284,5.32432337,5.32802427,5.33252387,5.33780782,5.34385909,5.35065791,5.35818174,5.36640521,5.37530012,5.38483541,5.39497709,5.40568831,5.41692929,5.42865742,5.44082726,5.45339064,5.46629675,5.4794923,5.49292168,5.50652718,5.52024922,5.53402668,5.54779722,5.56149764,5.57506432,5.58843367,5.60154261,5.61432909,5.6267326,5.63869475,5.65015981,5.66107524,5.67139224,5.68106623,5.69005732,5.69833075,5.70585721,5.71261316,5.71858103,5.72374936,5.72811286,5.7316724,5.73443484,5.73641289,5.73762484,5.73809415,5.73784915,5.73692249,5.7353507,5.73317364,5.73043398,5.7271766,5.72344807,5.71929611,5.71476905,5.70991534,5.70478313,5.69941978,5.69387158,5.68818334,5.68239816,5.67860055,5.67474869,5.67055048,5.66606084,5.66133443,5.65642528,5.65138648,5.64626988,5.64112577,5.63600265,5.63094703,5.62600321,5.62121314,5.61661626,5.61224939,5.60814663,5.60433929,5.60085583,5.59772179,5.59495976,5.59258937,5.59062725,5.58908702,5.58797927,5.5873116,5.58708853
5.317701,5.31811651,5.31936174,5.32143285,5.32432338,5.32802431,5.33252394,5.33780795,5.34385932,5.35065828,5.35818231,5.36640605,5.37530132,5.38483706,5.39497932,5.40569126,5.41693312,5.4286623,5.4408334,5.45339825,5.46630605,5.47950354,5.4929351,5.50654301,5.52026768,5.53404796,5.54782145,5.56152489,5.57509456,5.58846674,5.60157819,5.61436664,5.62677133,5.63873359,5.65019729,5.66110949,5.67142088,5.68108632,5.69006531,5.69832234,5.70582734,5.71255589,5.71848952,5.72361576,5.72792831,5.73142691,5.73411734,5.73601117,5.73712554,5.73748282,5.73711024,5.73603944,5.734306,5.73194895,5.72901021,5.72553409,5.72156673,5.71715559,5.71234895,5.70719539,5.70174342,5.69604097,5.69013513,5.68407174,5.67789513,5.6719665,5.66762924,5.66296105,5.65801773,5.65285471,5.64752672,5.64208747,5.63658931,5.63108299,5.6256174,5.62023934,5.61499338,5.60992167,5.60506378,5.60045667,5.59613452,5.59212868,5.58846764,5.58517694,5.58227919,5.579794,5.57773799,5.57612475,5.57496487,5.57426592,5.57403243
5.317701,5.31811651,5.31936174,5.32143285,5.3243234,5.32802434,5.33252401,5.33780809,5.34385955,5.35065865,5.35818287,5.36640686,5.37530247,5.38483864,5.39498143,5.405694,5.41693663,5.42866672,5.44083886,5.45340489,5.46631402,5.47951295,5.49294606,5.50655558,5.52028189,5.53406376,5.54783871,5.56154336,5.57511384,5.58848627,5.60159717,5.61438403,5.62678578,5.63874336,5.65020026,5.66110303,5.67140183,5.68105091,5.69000907,5.69824009,5.70571307,5.71240273,5.71828964,5.7233604,5.72760766,5.73103015,5.73363256,5.73542542,5.73642484,5.73665216,5.73613368,5.73490014,5.73298635,5.73043065,5.72727442,5.72356156,5.71933797,5.71465103,5.70954915,5.70408123,5.69829627,5.69224297,5.68596933,5.67952232,5.67294763,5.6662894,5.66033095,5.65518475,5.64978028,5.64417375,5.63842055,5.63257499,5.62668991,5.6208165,5.61500399,5.60929948,5.60374777,5.59839116,5.59326938,5.58841946,5.58387564,5.57966932,5.57582897,5.57238015,5.56934544,5.56674442,5.56459368,5.5629068,5.56169435,5.56096385,5.56071985
5.317701,5.31811651,5.31936174,5.32143286,5.32432341,5.32802438,5.33252409,5.33780823,5.34385978,5.35065902,5.35818342,5.36640766,5.37530358,5.38484014,5.3949834,5.40569654,5.41693983,5.42867066,5.44084363,5.45341056,5.46632064,5.47952054,5.49295458,5.50656495,5.52029194,5.53407421,5.54784917,5.56155328,5.57512249,5.58849268,5.60160013,5.61438199,5.62677685,5.63872524,5.65017016,5.66105766,5.67133729,5.68096265,5.68989184,5.69808787,5.70551899,5.71215907,5.71798775,5.72299067,5.7271595,5.73049197,5.73299179,5.73466851,5.73553728,5.73561857,5.73493782,5.73352506,5.73141445,5.72864379,5.7252541,5.72128902,5.7167944,5.71181772,5.70640765,5.70061358,5.69448517,5.68807197,5.68142303,5.67458656,5.66760966,5.66053807,5.65341591,5.64726176,5.64139128,5.63533683,5.62915449,5.62289908,5.61662396,5.61038069,5.60421884,5.59818576,5.59232645,5.58668337,5.58129635,5.57620249,5.57143605,5.56702843,5.56300813,5.55940064,5.55622854,5.55351135,5.55126563,5.54950492,5.54823975,5.54747764,5.5472231
5.317701,5.31811651,5.31936174,5.32143286,5.32432343,5.32802441,5.33252416,5.33780836,5.34386001,5.35065938,5.35818395,5.36640843,5.37530464,5.38484155,5.39498524,5.40569887,5.4169427,5.42867413,5.44084773,5.45341528,5.46632595,5.47952635,5.49296073,5.5065712,5.52029794,5.53407949,5.54785307,5.56155498,5.57512093,5.58848653,5.60158776,5.61436142,5.62674568,5.63868062,5.65010873,5.66097548,5.67122981,5.68082464,5.68971731,5.69787004,5.70525027,5.71183098,5.7175909,5.72251474,5.72659323,5.72982315,5.7322073,5.73375431,5.7344785,5.73439955,5.73354219,5.73193585,5.72961417,5.7266146,5.7229779,5.71874767,5.7139698,5.70869205,5.70296351,5.69683417,5.6903545,5.68357499,5.67654583,5.66931656,5.66193574,5.65445071,5.64690737,5.63934997,5.63289374,5.62638945,5.61977636,5.61310985,5.60644371,5.59982987,5.59331819,5.58695626,5.58078923,5.57485971,5.56920758,5.56386999,5.55888122,5.55427265,5.55007274,5.54630695,5.54299779,5.54016474,5.53782431,5.53599,5.53467228,5.53387865,5.53361361
5.317701,5.31811651,5.31936175,5.32143287,5.32432344,5.32802445,5.33252424,5.3378085,5.34386024,5.35065973,5.35818448,5.36640917,5.37530565,5.38484288,5.39498694,5.40570098,5.41694526,5.42867714,5.44085116,5.45341907,5.46632998,5.47953043,5.4929646,5.50657446,5.52030006,5.5340798,5.54785071,5.56154884,5.57510967,5.58846848,5.60156091,5.61432336,5.62669358,5.63861112,5.65001795,5.66085891,5.6710823,5.68064033,5.68948958,5.69759148,5.70491261,5.7114251,5.71710679,5.72194148,5.725919,5.72903525,5.73129217,5.73269758,5.73326505,5.73301356,5.73196728,5.73015512,5.72761038,5.72437027,5.72047545,5.71596959,5.71089881,5.70531123,5.69925652,5.69278539,5.6859492,5.67879949,5.67138768,5.66376465,5.65598048,5.64808414,5.64012325,5.63214393,5.62433067,5.61737697,5.61033383,5.60325714,5.59620107,5.58921791,5.58235777,5.57566845,5.56919523,5.56298081,5.55706513,5.55148534,5.54627571,5.54146759,5.53708937,5.53316648,5.52972133,5.52677336,5.524339,5.52243169,5.52106187,5.520237,5.51996154
5.317701,5.31811651,5.31936175,5.32143287,5.32432346,5.32802449,5.33252431,5.33780863,5.34386046,5.35066008,5.35818499,5.36640988,5.37530661,5.38484413,5.39498851,5.40570289,5.4169475,5.42867969,5.44085394,5.45342196,5.46633279,5.47953287,5.49296627,5.50657485,5.52029851,5.53407543,5.54784245,5.56153535,5.5750893,5.58843929,5.60152053,5.61426903,5.62662203,5.63851857,5.64990002,5.66071062,5.67089796,5.68041353,5.68921316,5.69725745,5.70451217,5.71094858,5.71654365,5.72128033,5.72514758,5.72814049,5.7302602,5.73151381,5.7319142,5.73147981,5.73023431,5.72820625,5.72542868,5.72193871,5.71777705,5.71298753,5.70761662,5.70171298,5.69532691,5.68850996,5.68131445,5.67379308,5.66599852,5.65798305,5.64979826,5.64149476,5.63312191,5.62472759,5.61635807,5.60834444,5.60087413,5.59339024,5.58594733,5.57859798,5.57139252,5.56437892,5.55760258,5.55110625,5.54492989,5.53911065,5.53368275,5.52867748,5.52412317,5.52004516,5.51646578,5.5134044,5.51087736,5.50889803,5.50747682,5.50662112,5.5063354
5.317701,5.31811651,5.31936175,5.32143288,5.32432347,5.32802452,5.33252438,5.33780876,5.34386068,5.35066041,5.35818547,5.36641056,5.37530751,5.38484529,5.39498994,5.40570459,5.41694944,5.42868179,5.4408561,5.45342399,5.46633442,5.47953374,5.49296588,5.50657257,5.52029351,5.53406669,5.54782868,5.56151501,5.57506052,5.58839981,5.60146771,5.61419975,5.62653267,5.63840495,5.64975737,5.6605335,5.67068025,5.68014835,5.68889287,5.69687361,5.70405551,5.71040899,5.71591019,5.72054123,5.72429027,5.72715164,5.72912574,5.73021903,5.73044384,5.7298181,5.72836511,5.72611317,5.72309521,5.71934833,5.71491341,5.70983458,5.70415877,5.69793522,5.69121502,5.68405061,5.67649537,5.66860316,5.66042797,5.6520235,5.64344287,5.6347383,5.62596082,5.61716008,5.60838413,5.59967925,5.5914438,5.58355769,5.57573289,5.56802224,5.56047627,5.55314308,5.54606814,5.53929424,5.53286133,5.52680652,5.52116397,5.5159649,5.51123754,5.50700713,5.50329591,5.50012315,5.49750511,5.4954551,5.49398343,5.49309749,5.49280168
5.317701,5.31811651,5.31936175,5.32143288,5.32432349,5.32802456,5.33252445,5.33780889,5.34386089,5.35066074,5.35818595,5.36641121,5.37530836,5.38484636,5.39499123,5.40570608,5.41695108,5.42868348,5.44085766,5.4534252,5.46633495,5.47953314,5.49296357,5.5065678,5.52028532,5.53405391,5.54780987,5.56148842,5.57502405,5.58835098,5.60140361,5.61411696,5.62642726,5.63827243,5.64959259,5.66033066,5.67043284,5.67984913,5.68853381,5.69644589,5.7035495,5.70981425,5.71521549,5.71973453,5.72335879,5.72608188,5.72790357,5.72882975,5.72887225,5.72804861,5.72638187,5.72390017,5.7206364,5.7166278,5.71191549,5.706544,5.70056081,5.69401586,5.68696107,5.67944984,5.67153667,5.66327663,5.65472504,5.64593703,5.63696723,5.62786943,5.61869633,5.60949926,5.60032799,5.59123053,5.58225297,5.57380698,5.56560702,5.55754163,5.54966152,5.54201487,5.53464722,5.52760134,5.52091716,5.51463173,5.50877912,5.50339045,5.49849384,5.49411443,5.49027435,5.48699275,5.4842858,5.48216673,5.48064578,5.47973029,5.47942463
5.317701,5.31811651,5.31936175,5.32143289,5.3243235,5.32802459,5.33252453,5.33780902,5.3438611,5.35066105,5.3581864,5.36641182,5.37530916,5.38484735,5.3949924,5.40570738,5.41695243,5.42868476,5.44085867,5.45342566,5.46633446,5.47953119,5.4929595,5.50656075,5.52027424,5.53403749,5.54778652,5.56145621,5.57498071,5.58829382,5.60132948,5.61402221,5.62630771,5.63812328,5.64940842,5.66010537,5.67015962,5.67952043,5.68814131,5.69598049,5.70300131,5.70917259,5.71446892,5.71887086,5.72236514,5.72494471,5.72660879,5.72736274,5.72721799,5.7261918,5.724307,5.72159169,5.71807882,5.71380583,5.70881418,5.70314891,5.69685811,5.68999248,5.68260484,5.67474963,5.66648245,5.65785964,5.64893784,5.63977361,5.63042307,5.62094156,5.61138337,5.60180145,5.59224721,5.58277029,5.57341844,5.56423734,5.55561762,5.54720562,5.53899918,5.53104658,5.52339334,5.51608224,5.50915315,5.50264301,5.49658581,5.49101254,5.4859512,5.48142681,5.47746136,5.4740739,5.4712805,5.46909427,5.46752542,5.4665812,5.46626598
5.317701,5.31811651,5.31936175,5.32143289,5.32432352,5.32802463,5.33252459,5.33780914,5.3438613,5.35066136,5.35818683,5.3664124,5.3753099,5.38484825,5.39499343,5.40570849,5.41695352,5.42868567,5.44085917,5.45342541,5.46633304,5.47952802,5.49295384,5.50655167,5.52026058,5.53401783,5.54775914,5.56141906,5.57493135,5.58822939,5.60124664,5.61391713,5.62617597,5.63795988,5.64920772,5.65986104,5.66986461,5.67916697,5.68772086,5.69548377,5.70241826,5.7084924,5.71368004,5.71796106,5.72132153,5.72375383,5.72525664,5.72583492,5.72549976,5.72426819,5.72216296,5.71921217,5.71544893,5.71091097,5.70564017,5.69968211,5.6930856,5.68590215,5.67818551,5.66999117,5.6613759,5.65239729,5.64311332,5.63358194,5.62386073,5.61400654,5.60407519,5.59412117,5.58419744,5.5743552,5.56464372,5.55511019,5.54581108,5.537062,5.52853841,5.52028859,5.51235807,5.50478957,5.49762288,5.49089485,5.48463932,5.47888718,5.47366627,5.46900147,5.46491464,5.46142471,5.45854763,5.45629642,5.45468121,5.4537092,5.45338472
5.317701,5.31811651,5.31936175,5.32143289,5.32432353,5.32802466,5.33252466,5.33780926,5.34386149,5.35066165,5.35818724,5.36641295,5.37531059,5.38484907,5.39499435,5.40570943,5.41695437,5.42868623,5.44085919,5.45342454,5.46633078,5.47952376,5.49294677,5.5065408,5.52024466,5.53399536,5.5477283,5.56137768,5.57487687,5.58815881,5.60115649,5.61380341,5.62603411,5.63778472,5.64899344,5.65960115,5.66955193,5.67879357,5.6872781,5.69496224,5.70180782,5.70778221,5.71285855,5.71701608,5.72024027,5.72252298,5.72386243,5.72426323,5.7237362,5.72229824,5.71997206,5.71678584,5.71277294,5.70797144,5.70242369,5.6961759,5.6892776,5.68178118,5.67374135,5.66521469,5.65625912,5.64693348,5.63729707,5.62740922,5.61732892,5.60711447,5.59682314,5.58651091,5.57623221,5.56603968,5.55598402,5.54611381,5.53647539,5.52715678,5.51832642,5.50978927,5.50159082,5.49377371,5.48637764,5.47943932,5.47299248,5.46706783,5.46169308,5.45689294,5.45268916,5.4491005,5.44614282,5.44382904,5.44216918,5.44117041,5.44083702
5.317701,5.31811651,5.31936175,5.3214329,5.32432355,5.32802469,5.33252473,5.33780938,5.34386168,5.35066192,5.35818762,5.36641346,5.37531122,5.38484981,5.39499514,5.40571021,5.41695498,5.42868648,5.44085879,5.4534231,5.46632779,5.47951855,5.4929385,5.5065284,5.52022685,5.53397054,5.54769458,5.56133281,5.5748182,5.58808324,5.60106044,5.61368278,5.62588423,5.63760031,5.64876859,5.65932929,5.66922578,5.67840514,5.6868187,5.69442245,5.70117753,5.7070506,5.71201418,5.71604688,5.71913367,5.72126589,5.7224414,5.7226645,5.72194583,5.72030219,5.71775633,5.71433661,5.71007664,5.70501492,5.69919436,5.69266181,5.68546758,5.67766494,5.6693096,5.66045922,5.65117287,5.64151064,5.63153311,5.62130095,5.61087451,5.60031348,5.58967653,5.57902103,5.56840278,5.55787578,5.54749206,5.53730146,5.52735158,5.5176876,5.50840834,5.49959478,5.49113871,5.48308266,5.47546622,5.46832596,5.46169545,5.45560524,5.45008289,5.44515296,5.44083702,5.43715372,5.43411877,5.43174501,5.43004238,5.42901797,5.42867602
5.317701,5.31811651,5.31936175,5.3214329,5.32432356,5.32802472,5.33252479,5.33780949,5.34386186,5.35066219,5.35818799,5.36641393,5.3753118,5.38485047,5.39499584,5.40571083,5.41695538,5.42868645,5.44085802,5.45342118,5.46632418,5.47951254,5.49292922,5.50651475,5.52020748,5.53394383,5.54765858,5.5612852,5.57475627,5.58800384,5.60095993,5.613557,5.62572846,5.63740921,5.64853623,5.65904904,5.66889037,5.67800661,5.68634837,5.69387097,5.70053489,5.70630613,5.7111566,5.71506438,5.71801391,5.71999615,5.72100861,5.72105534,5.72014685,5.71829993,5.7155374,5.71188784,5.7073852,5.70206844,5.69598102,5.68917051,5.68168801,5.67358768,5.66492624,5.65576241,5.64615644,5.63616959,5.62586371,5.61530075,5.60454238,5.59364961,5.58268242,5.57169951,5.56075795,5.54991301,5.53921793,5.52872374,5.51847917,5.50853046,5.49892137,5.489749,5.48104647,5.47276194,5.46493485,5.45760164,5.45079569,5.44454741,5.43888417,5.43383035,5.42940741,5.42563382,5.42252519,5.42009422,5.4183508,5.41730193,5.41695184
5.317701,5.31811651,5.31936175,5.32143291,5.32432357,5.32802476,5.33252485,5.33780959,5.34386202,5.35066244,5.35818833,5.36641437,5.37531234,5.38485106,5.39499643,5.40571131,5.41695561,5.42868618,5.44085694,5.45341885,5.46632005,5.47950589,5.49291914,5.50650012,5.52018693,5.5339157,5.5476209,5.56123563,5.57469206,5.58792182,5.60085643,5.61342785,5.62556893,5.637214,5.64829939,5.65876402,5.66854993,5.67760287,5.68587278,5.69331433,5.69988735,5.70555726,5.71029539,5.71407931,5.71689302,5.71872711,5.71957881,5.71945198,5.71835706,5.71631084,5.7133363,5.70946226,5.70472307,5.69915814,5.69281156,5.6857316,5.67797018,5.66958236,5.66062584,5.65116041,5.64124743,5.63094935,5.62032921,5.60945021,5.59837526,5.58716662,5.57588553,5.56459188,5.55334397,5.54219822,5.531209,5.52042843,5.50990624,5.49968967,5.48982338,5.48034938,5.47135633,5.46285448,5.45482712,5.44731051,5.44033788,5.43393945,5.42814241,5.422971,5.41844649,5.41458722,5.41140868,5.40892345,5.40714133,5.40606927,5.40571146
5.317701,5.31811651,5.31936175,5.32143291,5.32432358,5.32802478,5.33252491,5.3378097,5.34386218,5.35066267,5.35818865,5.36641478,5.37531282,5.38485158,5.39499692,5.40571168,5.41695567,5.4286857,5.44085559,5.4534162,5.46631551,5.47949874,5.49290847,5.50648479,5.52016557,5.53388664,5.54758214,5.56118485,5.57462652,5.58783835,5.6007514,5.61329711,5.62540779,5.63701721,5.6480611,5.65847776,5.66820862,5.67719877,5.68539753,5.69275895,5.69924225,5.7048123,5.7094399,5.71310218,5.71578271,5.71747178,5.71816638,5.71787023,5.71659372,5.71435372,5.71117339,5.70708183,5.70211379,5.6963092,5.68971278,5.68237349,5.67434407,5.66568049,5.65644142,5.64668766,5.63648168,5.62588705,5.61496796,5.60378879,5.59241364,5.58090594,5.56932808,5.55774111,5.54620443,5.53477554,5.52350984,5.51246042,5.50167796,5.49121057,5.48110373,5.47140022,5.46214007,5.45340059,5.44518388,5.43749394,5.43036383,5.42382358,5.41790021,5.41261778,5.40799741,5.40405729,5.40081277,5.39827636,5.39645773,5.3953638,5.39499869
5.317701,5.31811651,5.31936176,5.32143292,5.3243236,5.32802481,5.33252496,5.33780979,5.34386233,5.35066289,5.35818895,5.36641516,5.37531325,5.38485204,5.39499734,5.40571193,5.41695559,5.42868505,5.44085403,5.45341329,5.46631069,5.47949127,5.49289742,5.50646905,5.52014375,5.5338571,5.54754293,5.56113363,5.57456061,5.58775461,5.60064627,5.61316651,5.62524714,5.63682136,5.64782434,5.65819378,5.66787052,5.67679905,5.68492808,5.69221107,5.69860672,5.70407933,5.70859926,5.71214318,5.71469435,5.71624276,5.7167852,5.71632531,5.71487347,5.71244665,5.70906822,5.70476759,5.69957994,5.69354572,5.68671026,5.67912325,5.67083823,5.66191205,5.65240431,5.64237682,5.63189309,5.62101776,5.60981613,5.59835369,5.58669563,5.57490649,5.56304975,5.55118751,5.5393802,5.52768629,5.51616213,5.5048617,5.49383652,5.48313548,5.47280481,5.46288795,5.45342558,5.44445553,5.43604326,5.4281905,5.4209125,5.4142391,5.40819716,5.40281055,5.39810024,5.39408428,5.3907779,5.38819347,5.38634062,5.38522617,5.38485424
5.317701,5.31811651,5.31936176,5.32143292,5.32432361,5.32802484,5.33252501,5.33780988,5.34386248,5.35066309,5.35818922,5.3664155,5.37531365,5.38485245,5.39499767,5.40571209,5.4169554,5.42868426,5.44085232,5.45341022,5.46630568,5.47948361,5.49288621,5.50645317,5.52012186,5.53382757,5.54750384,5.56108273,5.57449525,5.58767176,5.60054244,5.61303776,5.62508901,5.63662888,5.64759199,5.65791548,5.6675396,5.6764083,5.68446972,5.69167678,5.69798764,5.70336615,5.70778221,5.71121214,5.71363886,5.71505213,5.71544859,5.71483181,5.71321221,5.71060688,5.70703942,5.70253957,5.69714294,5.69089052,5.68382824,5.67600651,5.66747964,5.65830531,5.64854406,5.63825864,5.62751354,5.61637444,5.60490766,5.59317973,5.58125688,5.56920467,5.55708758,5.54496869,5.53290935,5.52096894,5.50920465,5.49767128,5.48642108,5.47550368,5.46496593,5.45485189,5.44520277,5.43605692,5.42744984,5.41943591,5.41201995,5.40522238,5.39906988,5.39358617,5.38879204,5.38470541,5.38134138,5.37871223,5.37682749,5.37569394,5.37531564
5.317701,5.31811651,5.31936176,5.32143292,5.32432362,5.32802486,5.33252506,5.33780996,5.34386261,5.35066328,5.35818947,5.36641581,5.375314,5.38485279,5.39499795,5.40571217,5.41695511,5.42868338,5.44085051,5.45340705,5.4663006,5.47947592,5.49287502,5.50643742,5.52010023,5.5337985,5.54746546,5.56103286,5.57443135,5.58759092,5.6004413,5.61291252,5.62493541,5.63644214,5.64736684,5.65764611,5.66721968,5.67603094,5.68402753,5.69116187,5.69739163,5.70268021,5.70699715,5.7103184,5.71262663,5.71391138,5.71416918,5.71340357,5.711625,5.70885073,5.7051046,5.70041669,5.69482304,5.68836514,5.68108955,5.67304735,5.66429359,5.65488679,5.64488832,5.63436185,5.6233728,5.61198781,5.60027416,5.58829934,5.57613055,5.56383429,5.55147595,5.5391195,5.52682714,5.51465907,5.50267324,5.49092518,5.47946781,5.46835137,5.45762331,5.44732821,5.43750776,5.42820075,5.41944305,5.41126766,5.40371938,5.39680687,5.39055206,5.38497849,5.38010682,5.37595483,5.37253749,5.36986698,5.36795276,5.36680154,5.36641735
5.317701,5.31811651,5.31936176,5.32143293,5.32432363,5.32802488,5.33252511,5.33781004,5.34386272,5.35066345,5.3581897,5.36641609,5.37531431,5.38485309,5.39499816,5.40571218,5.41695477,5.42868244,5.44084866,5.45340388,5.46629557,5.47946834,5.49286407,5.50642205,5.5200792,5.53377032,5.54742834,5.56098473,5.57436979,5.58751314,5.60034413,5.61279235,5.6247882,5.63626339,5.64715155,5.6573888,5.66691437,5.67567117,5.68360634,5.69067185,5.69682493,5.70202859,5.706252,5.70947082,5.71166748,5.71283136,5.71295889,5.71205359,5.710126,5.70719354,5.70328028,5.69841666,5.69263912,5.68598968,5.67851546,5.6702682,5.66130366,5.65168112,5.64146277,5.63071312,5.61949846,5.60788632,5.59594486,5.58374248,5.57134724,5.5588265,5.5462465,5.53367201,5.52116599,5.50878937,5.4966008,5.48465644,5.47300982,5.46171172,5.45081011,5.44035002,5.43037357,5.42091991,5.41202527,5.40372293,5.39604327,5.38902314,5.38267444,5.37701844,5.37207563,5.36786369,5.36439745,5.36168902,5.35974777,5.35858035,5.35819077
5.317701,5.31811651,5.31936176,5.32143293,5.32432364,5.32802491,5.33252515,5.33781011,5.34386283,5.35066361,5.35818991,5.36641633,5.37531458,5.38485334,5.39499832,5.40571215,5.41695438,5.42868147,5.44084681,5.45340076,5.46629067,5.47946102,5.49285354,5.50640733,5.52005911,5.53374344,5.54739302,5.560939,5.57431139,5.58743945,5.60025217,5.61267876,5.6246492,5.63609476,5.64694863,5.65714649,5.66662711,5.67533294,5.68321069,5.6902119,5.69629342,5.70141789,5.70555418,5.70867767,5.71077059,5.71182219,5.71182882,5.71079401,5.70872839,5.70564954,5.70158179,5.6965559,5.69060871,5.68378274,5.67612565,5.66768978,5.65853157,5.64871102,5.63829104,5.62733696,5.61591585,5.60409605,5.59194656,5.57953655,5.56693492,5.55420978,5.54142813,5.52865546,5.51595543,5.50338961,5.49101726,5.47889511,5.46707722,5.45561486,5.44455643,5.43394736,5.42383014,5.41424426,5.4052262,5.39680951,5.3890248,5.38189978,5.37546487,5.36973397,5.36472656,5.36046017,5.35694954,5.35420668,5.35224088,5.35105875,5.35066427
5.317701,5.31811651,5.31936176,5.32143293,5.32432364,5.32802492,5.33252518,5.33781017,5.34386293,5.35066375,5.35819009,5.36641655,5.37531481,5.38485356,5.39499845,5.40571208,5.41695396,5.4286805,5.44084502,5.45339776,5.466286,5.47945409,5.4928436,5.50639348,5.52004025,5.53371827,5.54735999,5.56089629,5.57425691,5.58737079,5.60016659,5.61257314,5.62452006,5.63593823,5.64676042,5.65692192,5.66636106,5.67501991,5.68284478,5.68978681,5.69580253,5.70085424,5.70491054,5.70794658,5.70994442,5.71089319,5.71078919,5.70963598,5.70744427,5.70423182,5.70002319,5.69484947,5.68874787,5.68176135,5.67393809,5.66533101,5.65599716,5.64599717,5.63539467,5.62425568,5.61264801,5.60064072,5.58830356,5.57570644,5.56291894,5.5500099,5.53704698,5.5240963,5.51122214,5.49848666,5.48594963,5.47366828,5.46169715,5.45008792,5.43888935,5.42814726,5.41790441,5.40820058,5.3990725,5.39055394,5.38267568,5.37546559,5.3689487,5.36315022,5.35808482,5.35376956,5.35021909,5.34744532,5.3454575,5.34426218,5.34386331
5.317701,5.31811651,5.31936176,5.32143293,5.32432365,5.32802494,5.33252522,5.33781023,5.34386302,5.35066387,5.35819025,5.36641675,5.37531502,5.38485373,5.39499854,5.40571198,5.41695355,5.42867958,5.44084332,5.45339496,5.46628166,5.47944767,5.49283442,5.50638072,5.52002291,5.53369516,5.5473297,5.56085719,5.57420708,5.58730804,5.60008843,5.61247677,5.62440232,5.63579561,5.64658906,5.65671758,5.66611915,5.67473545,5.68251246,5.68940099,5.69535723,5.70034324,5.70432735,5.70728454,5.70919669,5.71005286,5.70984932,5.70858964,5.70628465,5.70295226,5.69861725,5.693311,5.6870711,5.67994089,5.67196905,5.66320898,5.65371829,5.64355823,5.63279302,5.62148933,5.60971562,5.5975416,5.58503768,5.5722744,5.55932201,5.54624993,5.53312641,5.52001816,5.50698997,5.49410449,5.48142198,5.4690001,5.45689376,5.44515502,5.43383298,5.42297373,5.4126203,5.4028127,5.39358788,5.38497977,5.37701931,5.36973452,5.36315052,5.35728959,5.35217276,5.34781427,5.34422856,5.34142746,5.33942016,5.33821318,5.33781041
5.317701,5.31811651,5.31936176,5.32143294,5.32432366,5.32802496,5.33252525,5.33781028,5.34386309,5.35066398,5.35819039,5.36641691,5.37531519,5.38485388,5.3949986,5.40571188,5.41695315,5.42867871,5.44084176,5.45339241,5.46627773,5.47944187,5.49282615,5.50636924,5.52000734,5.53367443,5.54730257,5.56082219,5.57416253,5.58725199,5.60001867,5.61239081,5.62429736,5.63566855,5.64643649,5.65653574,5.66590399,5.67448259,5.6822172,5.68905836,5.69496199,5.69988991,5.70381023,5.70669777,5.70853431,5.70930881,5.70901752,5.70766407,5.70525936,5.70182145,5.69737534,5.69195267,5.68559133,5.67833507,5.67023295,5.66133884,5.65171085,5.64141074,5.63050327,5.61905568,5.60713699,5.59481751,5.58216818,5.56926014,5.55616416,5.5429502,5.52968704,5.51644184,5.50327987,5.4902642,5.47745549,5.46491176,5.45268828,5.44083739,5.42940846,5.41844785,5.4079988,5.39810151,5.3887931,5.38010764,5.37207622,5.36472695,5.35808505,5.35217287,5.34701001,5.34261394,5.33899762,5.33617279,5.33414858,5.33293146,5.33252533
5.317701,5.31811651,5.31936176,5.32143294,5.32432366,5.32802497,5.33252527,5.33781032,5.34386316,5.35066407,5.35819051,5.36641705,5.37531533,5.38485399,5.39499864,5.40571177,5.41695278,5.42867794,5.44084038,5.45339016,5.46627427,5.47943679,5.49281892,5.50635923,5.51999377,5.53365639,5.54727897,5.56079178,5.57412383,5.58720334,5.59995816,5.61231628,5.62420641,5.63555851,5.64630441,5.65637841,5.6657179,5.67426399,5.68196206,5.68876242,5.69462075,5.69949866,5.70336412,5.70619179,5.70796335,5.70866771,5.70830112,5.70686722,5.704377,5.70084867,5.69630741,5.69078509,5.68431988,5.67695585,5.66874241,5.65973384,5.64998867,5.63956909,5.62854036,5.61697018,5.60492806,5.59248478,5.5797118,5.56668071,5.55346275,5.54012835,5.52674669,5.51338535,5.50010998,5.48698402,5.47406845,5.4614216,5.44909901,5.43715329,5.42563403,5.41458778,5.40405798,5.39408497,5.38470602,5.37595532,5.36786406,5.36046042,5.35376972,5.34781436,5.34261397,5.33818544,5.33454318,5.33169824,5.3296597,5.32843399,5.328025
5.317701,5.31811651,5.31936176,5.32143294,5.32432367,5.32802498,5.33252529,5.33781035,5.34386321,5.35066414,5.3581906,5.36641716,5.37531544,5.38485409,5.39499866,5.40571167,5.41695246,5.42867727,5.4408392,5.45338825,5.46627136,5.47943251,5.49281285,5.50635082,5.51998239,5.53364127,5.54725922,5.56076633,5.57409148,5.58716269,5.59990762,5.61225407,5.62413053,5.63546673,5.6461943,5.65624729,5.66556288,5.67408194,5.68174967,5.68851614,5.69433687,5.6991733,5.70299326,5.70577129,5.70748902,5.70813528,5.70770634,5.70620586,5.70364493,5.70004185,5.69542196,5.68981732,5.68326636,5.6758134,5.66750815,5.65840522,5.64856349,5.63804553,5.62691698,5.61524593,5.6031023,5.59055727,5.5776827,5.56455057,5.55123249,5.53779927,5.52432043,5.51086389,5.49749562,5.48427933,5.47127628,5.45854505,5.4461414,5.43411814,5.42252504,5.41140882,5.40081306,5.39077823,5.3813417,5.37253776,5.36439767,5.35694969,5.35021918,5.34422862,5.33899765,5.33454319,5.33087944,5.32801803,5.32596775,5.32473501,5.32432367
5.317701,5.31811651,5.31936176,5.32143294,5.32432367,5.32802499,5.3325253,5.33781038,5.34386325,5.3506642,5.35819068,5.36641724,5.37531553,5.38485415,5.39499868,5.40571158,5.4169522,5.42867674,5.44083826,5.45338673,5.46626903,5.47942911,5.49280802,5.50634415,5.51997337,5.5336293,5.54724357,5.5607462,5.57406589,5.58713055,5.59986767,5.61220491,5.62407058,5.63539426,5.64610737,5.65614381,5.66544057,5.67393836,5.68158219,5.68832199,5.69411314,5.69891695,5.70270114,5.70544017,5.70711559,5.70771623,5.70723834,5.70568562,5.7030692,5.6994075,5.69472597,5.68905684,5.6824387,5.67491609,5.66653898,5.65736222,5.64744498,5.6368501,5.62564354,5.61389368,5.60167078,5.58904633,5.57609248,5.56288153,5.54948539,5.53597514,5.52242059,5.5088899,5.49544929,5.4821627,5.46909158,5.45629472,5.44382803,5.43174449,5.42009402,5.40892344,5.39827645,5.38819362,5.37871238,5.36986712,5.36168913,5.35420676,5.34744538,5.3414275,5.33617281,5.33169825,5.32801804,5.32514374,5.32308431,5.3218461,5.32143294
5.317701,5.31811651,5.31936176,5.32143294,5.32432367,5.32802499,5.33252532,5.3378104,5.34386328,5.35066424,5.35819073,5.36641731,5.37531559,5.3848542,5.39499869,5.40571151,5.416952,5.42867634,5.44083757,5.45338562,5.46626735,5.47942663,5.49280452,5.50633931,5.51996683,5.53362062,5.54723225,5.56073162,5.57404738,5.5871073,5.59983879,5.61216938,5.62402727,5.6353419,5.64604459,5.65606909,5.66535228,5.67383472,5.68146134,5.68818192,5.69395176,5.69873208,5.7024905,5.70520146,5.70684644,5.70741426,5.70690115,5.70531087,5.70265457,5.69895073,5.69422491,5.68850945,5.68184308,5.67427048,5.66584179,5.65661206,5.64664065,5.63599062,5.62472813,5.6129218,5.60064211,5.58796077,5.57495015,5.56168279,5.54823078,5.53466543,5.52105673,5.50747303,5.4939807,5.48064387,5.46752412,5.45468037,5.44216867,5.4300421,5.41835067,5.40714129,5.39645775,5.38634067,5.37682755,5.36795281,5.35974781,5.35224091,5.34545752,5.33942018,5.33414859,5.3296597,5.32596775,5.32308431,5.32101835,5.31977623,5.31936176
5.317701,5.31811651,5.31936176,5.32143294,5.32432367,5.328025,5.33252532,5.33781041,5.3438633,5.35066427,5.35819076,5.36641734,5.37531563,5.38485423,5.39499869,5.40571147,5.41695189,5.4286761,5.44083716,5.45338495,5.46626632,5.47942514,5.49280239,5.50633638,5.51996287,5.53361537,5.54722539,5.5607228,5.57403618,5.58709324,5.59982132,5.6121479,5.62400108,5.63531025,5.64600664,5.65602394,5.66529892,5.67377211,5.68138833,5.68809732,5.6938543,5.69862044,5.70236333,5.70505735,5.70668398,5.70723201,5.70669768,5.70508475,5.70240442,5.6986752,5.69392271,5.68817934,5.68148392,5.67388123,5.6654215,5.6561599,5.64615589,5.63547268,5.62417656,5.61233628,5.60002245,5.58730691,5.57426218,5.56096091,5.54747535,5.5338769,5.52023568,5.50662015,5.49309678,5.47972979,5.46658086,5.45370898,5.44117028,5.42901789,5.4173019,5.40606926,5.3953638,5.38522618,5.37569395,5.36680155,5.35858036,5.35105876,5.34426219,5.33821318,5.33293146,5.32843399,5.32473501,5.3218461,5.31977623,5.31853175,5.31811651
5.317701,5.31811651,5.31936176,5.32143294,5.32432367,5.328025,5.33252533,5.33781041,5.34386331,5.35066427,5.35819077,5.36641735,5.37531564,5.38485424,5.39499869,5.40571146,5.41695184,5.42867602,5.44083702,5.45338472,5.46626598,5.47942463,5.49280168,5.5063354,5.51996154,5.53361361,5.5472231,5.56071985,5.57403243,5.58708853,5.59981548,5.61214071,5.62399232,5.63529966,5.64599395,5.65600883,5.66528108,5.67375117,5.68136391,5.68806903,5.69382171,5.69858311,5.70232081,5.70500917,5.70662966,5.70717108,5.70662966,5.70500917,5.70232081,5.69858311,5.69382171,5.68806903,5.68136391,5.67375117,5.66528108,5.65600883,5.64599395,5.63529966,5.62399232,5.61214071,5.59981548,5.58708853,5.57403243,5.56071985,5.5472231,5.53361361,5.51996154,5.5063354,5.49280168,5.47942463,5.46626598,5.45338472,5.44083702,5.42867602,5.41695184,5.40571146,5.39499869,5.38485424,5.37531564,5.36641735,5.35819077,5.35066427,5.34386331,5.33781041,5.33252533,5.328025,5.32432367,5.32143294,5.31936176,5.31811651,5.317701
