2.69500159,2.69475715,2.69402522,2.69280996,2.69111825,2.68895966,2.68634637,2.68329304,2.67981676,2.67593687,2.67167483,2.66705407,2.6620998,2.65683886,2.65129951,2.64551126,2.63950465,2.63331109,2.62696261,2.62049176,2.61393131,2.60731417,2.60067316,2.59404084,2.58744937,2.58093036,2.57451473,2.56823255,2.56211295,2.55618402,2.55047266,2.54500453,2.53980396,2.53489386,2.53029567,2.52602929,2.52211304,2.51856361,2.51539603,2.51262362,2.51025799,2.50830897,2.50678466,2.50569136,2.50503358,2.50481401,2.50503358,2.50569136,2.50678466,2.50830897,2.51025799,2.51262362,2.51539603,2.51856361,2.52211304,2.52602929,2.53029567,2.53489386,2.53980396,2.54500453,2.55047266,2.55618402,2.56211295,2.56823255,2.57451473,2.58093036,2.58744937,2.59404084,2.60067316,2.60731417,2.61393131,2.62049176,2.62696261,2.63331109,2.63950465,2.64551126,2.65129951,2.65683886,2.6620998,2.66705407,2.67167483,2.67593687,2.67981676,2.68329304,2.68634637,2.68895966,2.69111825,2.69280996,2.69402522,2.69475715,2.69500159
2.69518416,2.69493977,2.69420796,2.6929929,2.69130146,2.68914323,2.68653036,2.68347753,2.68000182,2.67612256,2.67186121,2.66724119,2.66228771,2.65702761,2.65148915,2.64570181,2.63969615,2.63350356,2.62715607,2.62068622,2.61412679,2.60751067,2.60087067,2.59423935,2.58764888,2.58113085,2.57471617,2.56843493,2.56231623,2.55638817,2.55067765,2.54521032,2.5400105,2.53510111,2.53050358,2.52623781,2.52232211,2.51877319,2.51560606,2.51283404,2.51046874,2.50852,2.50699591,2.50590276,2.50524506,2.50502553,2.50524506,2.50590276,2.50699591,2.50852,2.51046874,2.51283404,2.51560606,2.51877319,2.52232211,2.52623781,2.53050358,2.53510111,2.5400105,2.54521032,2.55067765,2.55638817,2.56231623,2.56843493,2.57471617,2.58113085,2.58764888,2.59423935,2.60087067,2.60751067,2.61412679,2.62068622,2.62715607,2.63350356,2.63969615,2.64570181,2.65148915,2.65702761,2.66228771,2.66724119,2.67186121,2.67612256,2.68000182,2.68347753,2.68653036,2.68914323,2.69130146,2.6929929,2.69420796,2.69493977,2.69518416
2.69573132,2.69548704,2.69475559,2.69354113,2.69185053,2.68969335,2.68708176,2.68403043,2.68055641,2.67667904,2.67241975,2.66780196,2.66285087,2.65759329,2.65205747,2.64627289,2.64027006,2.63408038,2.62773587,2.62126903,2.61471263,2.60809956,2.6014626,2.5948343,2.58824682,2.58173173,2.57531992,2.56904147,2.5629255,2.55700005,2.55129203,2.54582709,2.54062953,2.53572226,2.53112671,2.52686277,2.52294876,2.51940135,2.51623556,2.51346472,2.51110042,2.5091525,2.50762905,2.50653636,2.50587894,2.5056595,2.50587894,2.50653636,2.50762905,2.5091525,2.51110042,2.51346472,2.51623556,2.51940135,2.52294876,2.52686277,2.53112671,2.53572226,2.54062953,2.54582709,2.55129203,2.55700005,2.5629255,2.56904147,2.57531992,2.58173173,2.58824682,2.5948343,2.6014626,2.60809956,2.61471263,2.62126903,2.62773587,2.63408038,2.64027006,2.64627289,2.65205747,2.65759329,2.66285087,2.66780196,2.67241975,2.67667904,2.68055641,2.68403043,2.68708176,2.68969335,2.69185053,2.69354113,2.69475559,2.69548704,2.69573132
2.69664128,2.6963972,2.69566636,2.69445289,2.69276368,2.69060827,2.68799881,2.68494997,2.68147877,2.67760454,2.6733487,2.66873463,2.66378752,2.65853414,2.65300272,2.64722272,2.64122463,2.6350398,2.62870024,2.62223842,2.61568709,2.60907909,2.6024472,2.59582395,2.58924143,2.58273124,2.57632423,2.57005044,2.56393899,2.5580179,2.55231406,2.54685309,2.54165931,2.53675558,2.53216333,2.52790245,2.52399122,2.52044634,2.51728279,2.51451391,2.51215128,2.51020473,2.50868235,2.50759043,2.50693347,2.50671419,2.50693347,2.50759043,2.50868235,2.51020473,2.51215128,2.51451391,2.51728279,2.52044634,2.52399122,2.52790245,2.53216333,2.53675558,2.54165931,2.54685309,2.55231406,2.5580179,2.56393899,2.57005044,2.57632423,2.58273124,2.58924143,2.59582395,2.6024472,2.60907909,2.61568709,2.62223842,2.62870024,2.6350398,2.64122463,2.64722272,2.65300272,2.65853414,2.66378752,2.66873463,2.6733487,2.67760454,2.68147877,2.68494997,2.68799881,2.69060827,2.69276368,2.69445289,2.69566636,2.6963972,2.69664128
2.69791112,2.69766732,2.69693732,2.69572525,2.69403797,2.69188504,2.68927857,2.68623321,2.68276597,2.67889614,2.67464512,2.67003626,2.66509471,2.65984721,2.65432197,2.64854838,2.64255691,2.63637888,2.63004626,2.62359147,2.61704722,2.61044634,2.60382155,2.59720534,2.5906298,2.58412646,2.57772616,2.57145891,2.56535378,2.5594388,2.55374081,2.54828542,2.54309691,2.53819814,2.53361052,2.52935391,2.5254466,2.52190524,2.51874485,2.51597871,2.51361841,2.51167379,2.5101529,2.50906206,2.50840575,2.50818668,2.50840575,2.50906206,2.5101529,2.51167379,2.51361841,2.51597871,2.51874485,2.52190524,2.5254466,2.52935391,2.53361052,2.53819814,2.54309691,2.54828542,2.55374081,2.5594388,2.56535378,2.57145891,2.57772616,2.58412646,2.5906298,2.59720534,2.60382155,2.61044634,2.61704722,2.62359147,2.63004626,2.63637888,2.64255691,2.64854838,2.65432197,2.65984721,2.66509471,2.67003626,2.67464512,2.67889614,2.68276597,2.68623321,2.68927857,2.69188504,2.69403797,2.69572525,2.69693732,2.69766732,2.69791112
2.69953671,2.69929327,2.69856435,2.69735407,2.69566929,2.69351954,2.69091691,2.68787603,2.68441388,2.68054971,2.67630489,2.67170272,2.66676832,2.66152839,2.65601107,2.65024573,2.64426279,2.6380935,2.63176979,2.62532404,2.61878891,2.61219718,2.60558152,2.59897438,2.5924078,2.58591327,2.5795216,2.57326275,2.56716577,2.56125863,2.55556817,2.55011995,2.54493822,2.54004584,2.53546417,2.53121306,2.52731077,2.52377396,2.52061761,2.517855,2.51549771,2.51355556,2.5120366,2.51094714,2.51029166,2.51007287,2.51029166,2.51094714,2.5120366,2.51355556,2.51549771,2.517855,2.52061761,2.52377396,2.52731077,2.53121306,2.53546417,2.54004584,2.54493822,2.55011995,2.55556817,2.56125863,2.56716577,2.57326275,2.5795216,2.58591327,2.5924078,2.59897438,2.60558152,2.61219718,2.61878891,2.62532404,2.63176979,2.6380935,2.64426279,2.65024573,2.65601107,2.66152839,2.66676832,2.67170272,2.67630489,2.68054971,2.68441388,2.68787603,2.69091691,2.69351954,2.69566929,2.69735407,2.69856435,2.69929327,2.69953671
2.70151272,2.70126972,2.70054212,2.69933404,2.69765231,2.69550644,2.69290851,2.6898731,2.68641716,2.68255991,2.67832266,2.67372868,2.66880302,2.66357234,2.65806471,2.65230945,2.64633692,2.64017832,2.63386551,2.62743081,2.62090683,2.61432627,2.60772177,2.60112571,2.59457009,2.58808634,2.58170521,2.57545664,2.56936962,2.56347208,2.55779081,2.55235135,2.54717793,2.54229334,2.53771895,2.53347456,2.52957843,2.52604718,2.52289577,2.52013748,2.51778386,2.51584473,2.51432814,2.51324037,2.5125859,2.51236745,2.5125859,2.51324037,2.51432814,2.51584473,2.51778386,2.52013748,2.52289577,2.52604718,2.52957843,2.53347456,2.53771895,2.54229334,2.54717793,2.55235135,2.55779081,2.56347208,2.56936962,2.57545664,2.58170521,2.58808634,2.59457009,2.60112571,2.60772177,2.61432627,2.62090683,2.62743081,2.63386551,2.64017832,2.64633692,2.65230945,2.65806471,2.66357234,2.66880302,2.67372868,2.67832266,2.68255991,2.68641716,2.6898731,2.69290851,2.69550644,2.69765231,2.69933404,2.70054212,2.70126972,2.70151272
2.70383261,2.70359014,2.7028641,2.70165861,2.69998048,2.6978392,2.69524682,2.69221787,2.68876928,2.68492021,2.68069191,2.67610759,2.67119226,2.6659725,2.66047633,2.65473299,2.64877276,2.64262679,2.63632685,2.62990521,2.6233944,2.61682705,2.61023574,2.60365278,2.59711011,2.5906391,2.58427044,2.57803401,2.57195876,2.56607256,2.56040217,2.55497308,2.54980946,2.5449341,2.54036831,2.53613187,2.53224301,2.52871833,2.52557277,2.52281958,2.52047031,2.51853475,2.51702095,2.51593517,2.51528191,2.51506386,2.51528191,2.51593517,2.51702095,2.51853475,2.52047031,2.52281958,2.52557277,2.52871833,2.53224301,2.53613187,2.54036831,2.5449341,2.54980946,2.55497308,2.56040217,2.56607256,2.57195876,2.57803401,2.58427044,2.5906391,2.59711011,2.60365278,2.61023574,2.61682705,2.6233944,2.62990521,2.63632685,2.64262679,2.64877276,2.65473299,2.66047633,2.6659725,2.67119226,2.67610759,2.68069191,2.68492021,2.68876928,2.69221787,2.69524682,2.6978392,2.69998048,2.70165861,2.7028641,2.70359014,2.70383261
2.70648862,2.70624675,2.70552251,2.70432,2.70264603,2.70051005,2.69792406,2.69490258,2.69146245,2.6876228,2.68340482,2.67883167,2.67392825,2.66872109,2.66323812,2.65750852,2.65156249,2.64543108,2.639146,2.63273943,2.62624381,2.61969171,2.61311561,2.60654777,2.60002004,2.59356372,2.58720945,2.58098704,2.57492536,2.56905226,2.56339442,2.55797728,2.55282499,2.54796027,2.54340441,2.53917715,2.53529669,2.53177959,2.52864077,2.52589347,2.52354922,2.52161778,2.5201072,2.51902374,2.51837186,2.51815427,2.51837186,2.51902374,2.5201072,2.52161778,2.52354922,2.52589347,2.52864077,2.53177959,2.53529669,2.53917715,2.54340441,2.54796027,2.55282499,2.55797728,2.56339442,2.56905226,2.57492536,2.58098704,2.58720945,2.59356372,2.60002004,2.60654777,2.61311561,2.61969171,2.62624381,2.63273943,2.639146,2.64543108,2.65156249,2.65750852,2.66323812,2.66872109,2.67392825,2.67883167,2.68340482,2.6876228,2.69146245,2.69490258,2.69792406,2.70051005,2.70264603,2.70432,2.70552251,2.70624675,2.70648862
2.70947172,2.70923053,2.70850833,2.70730921,2.70563994,2.70350995,2.70093121,2.69791817,2.69448764,2.69065866,2.68645237,2.68189184,2.67700192,2.67180903,2.66634103,2.66062699,2.65469704,2.64858213,2.64231388,2.63592437,2.62944596,2.62291113,2.61635228,2.60980156,2.60329075,2.59685109,2.59051312,2.58430659,2.5782603,2.57240204,2.56675842,2.56135484,2.55621538,2.55136272,2.54681811,2.54260125,2.5387303,2.5352218,2.53209063,2.52935001,2.52701144,2.52508468,2.52357775,2.5224969,2.5218466,2.52162954,2.5218466,2.5224969,2.52357775,2.52508468,2.52701144,2.52935001,2.53209063,2.5352218,2.5387303,2.54260125,2.54681811,2.55136272,2.55621538,2.56135484,2.56675842,2.57240204,2.5782603,2.58430659,2.59051312,2.59685109,2.60329075,2.60980156,2.61635228,2.62291113,2.62944596,2.63592437,2.64231388,2.64858213,2.65469704,2.66062699,2.66634103,2.67180903,2.67700192,2.68189184,2.68645237,2.69065866,2.69448764,2.69791817,2.70093121,2.70350995,2.70563994,2.70730921,2.70850833,2.70923053,2.70947172
2.71277161,2.71253119,2.71181126,2.71061592,2.70895191,2.70682861,2.70425795,2.70125434,2.69783452,2.69401746,2.68982422,2.68527779,2.68040293,2.67522597,2.66977468,2.66407803,2.65816603,2.65206954,2.64582008,2.63944963,2.63299045,2.6264749,2.6199353,2.61340371,2.60691181,2.60049075,2.594171,2.5879822,2.58195311,2.57611142,2.57048369,2.56509525,2.55997013,2.55513096,2.55059892,2.54639368,2.54253336,2.53903446,2.53591185,2.53317869,2.53084647,2.52892494,2.52742209,2.52634416,2.52569562,2.52547914,2.52569562,2.52634416,2.52742209,2.52892494,2.53084647,2.53317869,2.53591185,2.53903446,2.54253336,2.54639368,2.55059892,2.55513096,2.55997013,2.56509525,2.57048369,2.57611142,2.58195311,2.5879822,2.594171,2.60049075,2.60691181,2.61340371,2.6199353,2.6264749,2.63299045,2.63944963,2.64582008,2.65206954,2.65816603,2.66407803,2.66977468,2.67522597,2.68040293,2.68527779,2.68982422,2.69401746,2.69783452,2.70125434,2.70425795,2.70682861,2.70895191,2.71061592,2.71181126,2.71253119,2.71277161
2.71637673,2.71613714,2.71541973,2.71422856,2.71257034,2.71045442,2.70789269,2.70489948,2.70149148,2.69768757,2.69350873,2.68897787,2.68411963,2.67896026,2.6735274,2.66784993,2.66195775,2.6558816,2.64965288,2.64330347,2.63686551,2.63037125,2.62385291,2.61734244,2.61087142,2.6044709,2.59817125,2.59200205,2.58599194,2.58016855,2.57455837,2.56918666,2.56407737,2.55925309,2.55473494,2.55054254,2.54669397,2.54320568,2.54009251,2.5373676,2.5350424,2.53312664,2.5316283,2.5305536,2.529907,2.52969117,2.529907,2.5305536,2.5316283,2.53312664,2.5350424,2.5373676,2.54009251,2.54320568,2.54669397,2.55054254,2.55473494,2.55925309,2.56407737,2.56918666,2.57455837,2.58016855,2.58599194,2.59200205,2.59817125,2.6044709,2.61087142,2.61734244,2.62385291,2.63037125,2.63686551,2.64330347,2.64965288,2.6558816,2.66195775,2.66784993,2.6735274,2.67896026,2.68411963,2.68897787,2.69350873,2.69768757,2.70149148,2.70489948,2.70789269,2.71045442,2.71257034,2.71422856,2.71541973,2.71613714,2.71637673
2.72027418,2.72003551,2.71932085,2.71813422,2.71648234,2.71437449,2.71182251,2.70884067,2.70544558,2.70165604,2.69749295,2.69297909,2.68813902,2.68299886,2.67758616,2.67192966,2.66605914,2.66000522,2.65379918,2.64747277,2.64105801,2.63458704,2.62809194,2.62160456,2.61515637,2.60877831,2.60250065,2.59635287,2.59036353,2.58456017,2.57896918,2.57361576,2.5685238,2.56371581,2.55921285,2.5550345,2.55119878,2.5477221,2.54461926,2.54190337,2.53958585,2.53767641,2.536183,2.53511184,2.53446736,2.53425224,2.53446736,2.53511184,2.536183,2.53767641,2.53958585,2.54190337,2.54461926,2.5477221,2.55119878,2.5550345,2.55921285,2.56371581,2.5685238,2.57361576,2.57896918,2.58456017,2.59036353,2.59635287,2.60250065,2.60877831,2.61515637,2.62160456,2.62809194,2.63458704,2.64105801,2.64747277,2.65379918,2.66000522,2.66605914,2.67192966,2.67758616,2.68299886,2.68813902,2.69297909,2.69749295,2.70165604,2.70544558,2.70884067,2.71182251,2.71437449,2.71648234,2.71813422,2.71932085,2.72003551,2.72027418
2.72444976,2.72421208,2.72350039,2.7223187,2.72067368,2.71857457,2.71603316,2.71306364,2.70968254,2.70590859,2.70176255,2.69726712,2.69244675,2.68732742,2.68193657,2.6763028,2.67045576,2.66442594,2.65824449,2.65194301,2.64555341,2.63910768,2.63263779,2.62617545,2.61975202,2.61339833,2.60714452,2.60101998,2.59505317,2.58927153,2.58370137,2.5783678,2.57329463,2.56850431,2.56401784,2.55985474,2.55603296,2.55256888,2.54947725,2.54677115,2.54446197,2.54255938,2.54107133,2.540004,2.53936183,2.53914748,2.53936183,2.540004,2.54107133,2.54255938,2.54446197,2.54677115,2.54947725,2.55256888,2.55603296,2.55985474,2.56401784,2.56850431,2.57329463,2.5783678,2.58370137,2.58927153,2.59505317,2.60101998,2.60714452,2.61339833,2.61975202,2.62617545,2.63263779,2.63910768,2.64555341,2.65194301,2.65824449,2.66442594,2.67045576,2.6763028,2.68193657,2.68732742,2.69244675,2.69726712,2.70176255,2.70590859,2.70968254,2.71306364,2.71603316,2.71857457,2.72067368,2.7223187,2.72350039,2.72421208,2.72444976
2.7288879,2.72865129,2.7279428,2.72676642,2.72512878,2.72303909,2.72050904,2.71755278,2.71418674,2.71042954,2.70630186,2.70182627,2.69702708,2.69193018,2.68656283,2.68095352,2.67513176,2.66912788,2.6629729,2.65669826,2.65033574,2.64391719,2.63747443,2.63103906,2.62464229,2.61831483,2.61208671,2.6059872,2.60004465,2.5942864,2.58873867,2.58342648,2.57837357,2.57360228,2.56913358,2.56498689,2.56118013,2.55772963,2.55465008,2.55195453,2.54965433,2.54775913,2.54627685,2.54521365,2.54457397,2.54436044,2.54457397,2.54521365,2.54627685,2.54775913,2.54965433,2.55195453,2.55465008,2.55772963,2.56118013,2.56498689,2.56913358,2.57360228,2.57837357,2.58342648,2.58873867,2.5942864,2.60004465,2.6059872,2.61208671,2.61831483,2.62464229,2.63103906,2.63747443,2.64391719,2.65033574,2.65669826,2.6629729,2.66912788,2.67513176,2.68095352,2.68656283,2.69193018,2.69702708,2.70182627,2.70630186,2.71042954,2.71418674,2.71755278,2.72050904,2.72303909,2.72512878,2.72676642,2.7279428,2.72865129,2.7288879
2.73357172,2.73333625,2.73263118,2.73146047,2.72983073,2.72775109,2.7252332,2.7222911,2.71894116,2.71520187,2.71109381,2.70663943,2.7018629,2.69678996,2.69144775,2.6858646,2.68006986,2.67409373,2.66796704,2.66172112,2.65538756,2.64899808,2.64258435,2.63617782,2.62980958,2.62351018,2.61730955,2.61123682,2.60532023,2.59958701,2.59406329,2.58877398,2.58374274,2.57899184,2.57454214,2.57041303,2.56662236,2.56318639,2.56011978,2.55743552,2.55514494,2.55325764,2.55178154,2.55072277,2.55008574,2.54987311,2.55008574,2.55072277,2.55178154,2.55325764,2.55514494,2.55743552,2.56011978,2.56318639,2.56662236,2.57041303,2.57454214,2.57899184,2.58374274,2.58877398,2.59406329,2.59958701,2.60532023,2.61123682,2.61730955,2.62351018,2.62980958,2.63617782,2.64258435,2.64899808,2.65538756,2.66172112,2.66796704,2.67409373,2.68006986,2.6858646,2.69144775,2.69678996,2.7018629,2.70663943,2.71109381,2.71520187,2.71894116,2.7222911,2.7252332,2.72775109,2.72983073,2.73146047,2.73263118,2.73333625,2.73357172
2.73848295,2.7382487,2.73754726,2.73638259,2.73476123,2.73269227,2.73018729,2.72726026,2.72392741,2.72020717,2.71611996,2.71168811,2.70693566,2.7018882,2.69657271,2.69101736,2.68525135,2.67930471,2.67320811,2.66699271,2.66068995,2.65433139,2.64794853,2.64157268,2.63523476,2.62896522,2.62279382,2.61674958,2.61086061,2.60515403,2.59965585,2.59439089,2.5893827,2.58465349,2.58022403,2.57611363,2.57234007,2.56891957,2.56586672,2.56319448,2.56091414,2.55903526,2.55756573,2.55651168,2.55587748,2.55566579,2.55587748,2.55651168,2.55756573,2.55903526,2.56091414,2.56319448,2.56586672,2.56891957,2.57234007,2.57611363,2.58022403,2.58465349,2.5893827,2.59439089,2.59965585,2.60515403,2.61086061,2.61674958,2.62279382,2.62896522,2.63523476,2.64157268,2.64794853,2.65433139,2.66068995,2.66699271,2.67320811,2.67930471,2.68525135,2.69101736,2.69657271,2.7018882,2.70693566,2.71168811,2.71611996,2.72020717,2.72392741,2.72726026,2.73018729,2.73269227,2.73476123,2.73638259,2.73754726,2.7382487,2.73848295
2.74360202,2.74336905,2.74267145,2.74151315,2.73990065,2.73784298,2.73535165,2.73244053,2.72912576,2.72542563,2.72136046,2.71695243,2.71222543,2.7072049,2.70191766,2.69639171,2.69065607,2.68474061,2.67867583,2.6724927,2.66622251,2.65989664,2.65354643,2.64720302,2.6408972,2.63465923,2.62851876,2.62250466,2.61664492,2.61096652,2.60549536,2.60025617,2.59527239,2.59056613,2.58615808,2.58206748,2.57831205,2.57490792,2.57186965,2.56921013,2.56694063,2.56507067,2.5636081,2.56255903,2.56192783,2.56171714,2.56192783,2.56255903,2.5636081,2.56507067,2.56694063,2.56921013,2.57186965,2.57490792,2.57831205,2.58206748,2.58615808,2.59056613,2.59527239,2.60025617,2.60549536,2.61096652,2.61664492,2.62250466,2.62851876,2.63465923,2.6408972,2.64720302,2.65354643,2.65989664,2.66622251,2.6724927,2.67867583,2.68474061,2.69065607,2.69639171,2.70191766,2.7072049,2.71222543,2.71695243,2.72136046,2.72542563,2.72912576,2.73244053,2.73535165,2.73784298,2.73990065,2.74151315,2.74267145,2.74336905,2.74360202
2.74890797,2.74867635,2.74798279,2.74683119,2.745228,2.7431822,2.74070522,2.73781082,2.73451506,2.73083609,2.7267941,2.72241111,2.71771088,2.71271867,2.70746112,2.70196608,2.6962624,2.69037973,2.68434842,2.67819925,2.67196332,2.66567185,2.65935599,2.65304673,2.64677467,2.64056994,2.63446203,2.62847965,2.62265067,2.61700194,2.61155924,2.60634718,2.60138909,2.596707,2.5923215,2.58825176,2.5845154,2.58112852,2.5781056,2.57545949,2.5732014,2.57134083,2.56988559,2.56884177,2.56821374,2.5680041,2.56821374,2.56884177,2.56988559,2.57134083,2.5732014,2.57545949,2.5781056,2.58112852,2.5845154,2.58825176,2.5923215,2.596707,2.60138909,2.60634718,2.61155924,2.61700194,2.62265067,2.62847965,2.63446203,2.64056994,2.64677467,2.65304673,2.65935599,2.66567185,2.67196332,2.67819925,2.68434842,2.69037973,2.6962624,2.70196608,2.70746112,2.71271867,2.71771088,2.72241111,2.7267941,2.73083609,2.73451506,2.73781082,2.74070522,2.7431822,2.745228,2.74683119,2.74798279,2.74867635,2.74890797
2.75437857,2.75414836,2.75345902,2.75231442,2.75072098,2.7486876,2.74622562,2.74334873,2.74007285,2.73641601,2.73239826,2.72804149,2.72336925,2.71840668,2.71318022,2.70771753,2.70204728,2.69619895,2.69020267,2.68408905,2.67788899,2.67163352,2.66535364,2.65908013,2.65284343,2.64667351,2.64059969,2.63465055,2.62885379,2.62323614,2.61782325,2.61263961,2.60770846,2.60305169,2.59868982,2.59464193,2.59092558,2.58755677,2.58454993,2.58191788,2.57967175,2.57782102,2.57637347,2.57533516,2.57471044,2.5745019,2.57471044,2.57533516,2.57637347,2.57782102,2.57967175,2.58191788,2.58454993,2.58755677,2.59092558,2.59464193,2.59868982,2.60305169,2.60770846,2.61263961,2.61782325,2.62323614,2.62885379,2.63465055,2.64059969,2.64667351,2.65284343,2.65908013,2.66535364,2.67163352,2.67788899,2.68408905,2.69020267,2.69619895,2.70204728,2.70771753,2.71318022,2.71840668,2.72336925,2.72804149,2.73239826,2.73641601,2.74007285,2.74334873,2.74622562,2.7486876,2.75072098,2.75231442,2.75345902,2.75414836,2.75437857
2.75999028,2.75976153,2.75907659,2.75793929,2.75635599,2.75433554,2.75188919,2.74903052,2.74577533,2.74214154,2.73814904,2.73381955,2.72917648,2.72424476,2.71905068,2.71362169,2.70798626,2.70217369,2.6962139,2.69013732,2.68397463,2.67775669,2.67151429,2.66527804,2.6590782,2.65294456,2.64690628,2.64099177,2.63522861,2.62964336,2.62426156,2.61910756,2.61420448,2.60957412,2.60523691,2.60121181,2.59751631,2.59416635,2.5911763,2.5885589,2.58632525,2.58448479,2.58304526,2.5820127,2.58139143,2.58118405,2.58139143,2.5820127,2.58304526,2.58448479,2.58632525,2.5885589,2.5911763,2.59416635,2.59751631,2.60121181,2.60523691,2.60957412,2.61420448,2.61910756,2.62426156,2.62964336,2.63522861,2.64099177,2.64690628,2.65294456,2.6590782,2.66527804,2.67151429,2.67775669,2.68397463,2.69013732,2.6962139,2.70217369,2.70798626,2.71362169,2.71905068,2.72424476,2.72917648,2.73381955,2.73814904,2.74214154,2.74577533,2.74903052,2.75188919,2.75433554,2.75635599,2.75793929,2.75907659,2.75976153,2.75999028
2.76571834,2.76549112,2.76481073,2.76368098,2.76210819,2.76010113,2.75767097,2.75483118,2.75159744,2.74798753,2.74402119,2.73971999,2.73510714,2.73020741,2.72504688,2.71965283,2.7140535,2.708278,2.70235606,2.69631787,2.69019394,2.68401491,2.67781139,2.67161378,2.66545217,2.65935617,2.65335476,2.6474762,2.64174789,2.63619627,2.63084672,2.62572348,2.62084955,2.6162466,2.61193497,2.60793353,2.60425969,2.60092931,2.59795668,2.59535449,2.5931338,2.591304,2.5898728,2.5888462,2.58822852,2.58802234,2.58822852,2.5888462,2.5898728,2.591304,2.5931338,2.59535449,2.59795668,2.60092931,2.60425969,2.60793353,2.61193497,2.6162466,2.62084955,2.62572348,2.63084672,2.63619627,2.64174789,2.6474762,2.65335476,2.65935617,2.66545217,2.67161378,2.67781139,2.68401491,2.69019394,2.69631787,2.70235606,2.708278,2.7140535,2.71965283,2.72504688,2.73020741,2.73510714,2.73971999,2.74402119,2.74798753,2.75159744,2.75483118,2.75767097,2.76010113,2.76210819,2.76368098,2.76481073,2.76549112,2.76571834
2.77153681,2.77131116,2.77063547,2.76951351,2.76795156,2.76595831,2.76354485,2.76072453,2.75751291,2.75392763,2.74998827,2.74571624,2.74113457,2.73626783,2.73114193,2.72578391,2.72022184,2.71448459,2.70860169,2.70260313,2.69651921,2.69038034,2.68421695,2.67805924,2.6719371,2.66587995,2.65991662,2.65407517,2.64838286,2.64286597,2.63754975,2.63245828,2.62761445,2.62303983,2.61875463,2.61477764,2.61112617,2.60781601,2.60486139,2.60227493,2.60006764,2.59824885,2.59682625,2.59580582,2.59519185,2.59498691,2.59519185,2.59580582,2.59682625,2.59824885,2.60006764,2.60227493,2.60486139,2.60781601,2.61112617,2.61477764,2.61875463,2.62303983,2.62761445,2.63245828,2.63754975,2.64286597,2.64838286,2.65407517,2.65991662,2.66587995,2.6719371,2.67805924,2.68421695,2.69038034,2.69651921,2.70260313,2.70860169,2.71448459,2.72022184,2.72578391,2.73114193,2.73626783,2.74113457,2.74571624,2.74998827,2.75392763,2.75751291,2.76072453,2.76354485,2.76595831,2.76795156,2.76951351,2.77063547,2.77131116,2.77153681
2.77741865,2.77719461,2.77652374,2.77540979,2.77385896,2.77187989,2.76948355,2.76668322,2.7634943,2.75993431,2.75602265,2.75178056,2.7472309,2.74239804,2.73730768,2.73198666,2.72646284,2.72076488,2.71492209,2.70896423,2.7029214,2.6968238,2.69070163,2.68458491,2.67850332,2.67248611,2.6665619,2.6607586,2.6551033,2.64962211,2.64434014,2.63928134,2.63446846,2.62992296,2.62566494,2.62171309,2.61808464,2.61479528,2.61185918,2.60928889,2.60709537,2.60528792,2.60387417,2.60286009,2.60224993,2.60204626,2.60224993,2.60286009,2.60387417,2.60528792,2.60709537,2.60928889,2.61185918,2.61479528,2.61808464,2.62171309,2.62566494,2.62992296,2.63446846,2.63928134,2.64434014,2.64962211,2.6551033,2.6607586,2.6665619,2.67248611,2.67850332,2.68458491,2.69070163,2.6968238,2.7029214,2.70896423,2.71492209,2.72076488,2.72646284,2.73198666,2.73730768,2.74239804,2.7472309,2.75178056,2.75602265,2.75993431,2.7634943,2.76668322,2.76948355,2.77187989,2.77385896,2.77540979,2.77652374,2.77719461,2.77741865
2.78333584,2.78311344,2.78244749,2.7813417,2.77980223,2.77783764,2.77545881,2.77267888,2.76951316,2.76597899,2.76209563,2.75788412,2.75336716,2.74856892,2.74351487,2.73823167,2.73274694,2.72708913,2.72128733,2.71537107,2.70937024,2.70331482,2.69723481,2.69116,2.68511989,2.67914351,2.67325932,2.66749504,2.66187758,2.65643292,2.65118599,2.64616061,2.64137941,2.6368637,2.6326335,2.62870738,2.62510247,2.62183441,2.61891726,2.61636353,2.61418411,2.61238826,2.61098357,2.60997598,2.60936973,2.60916736,2.60936973,2.60997598,2.61098357,2.61238826,2.61418411,2.61636353,2.61891726,2.62183441,2.62510247,2.62870738,2.6326335,2.6368637,2.64137941,2.64616061,2.65118599,2.65643292,2.66187758,2.66749504,2.67325932,2.67914351,2.68511989,2.69116,2.69723481,2.70331482,2.70937024,2.71537107,2.72128733,2.72708913,2.73274694,2.73823167,2.74351487,2.74856892,2.75336716,2.75788412,2.76209563,2.76597899,2.76951316,2.77267888,2.77545881,2.77783764,2.77980223,2.7813417,2.78244749,2.78311344,2.78333584
2.78925941,2.78903869,2.78837774,2.78728025,2.78575233,2.78380244,2.7814414,2.77868222,2.77554006,2.77203214,2.76817754,2.76399713,2.75951341,2.75475035,2.74973323,2.74448847,2.7390435,2.73342651,2.72766639,2.72179245,2.71583434,2.70982183,2.7037847,2.69775253,2.69175462,2.6858198,2.67997633,2.67425176,2.66867282,2.66326533,2.65805407,2.65306272,2.64831376,2.6438284,2.63962652,2.6357266,2.63214568,2.62889929,2.62600145,2.62346458,2.62129953,2.61951549,2.61812004,2.61711906,2.61651678,2.61631574,2.61651678,2.61711906,2.61812004,2.61951549,2.62129953,2.62346458,2.62600145,2.62889929,2.63214568,2.6357266,2.63962652,2.6438284,2.64831376,2.65306272,2.65805407,2.66326533,2.66867282,2.67425176,2.67997633,2.6858198,2.69175462,2.69775253,2.7037847,2.70982183,2.71583434,2.72179245,2.72766639,2.73342651,2.7390435,2.74448847,2.74973323,2.75475035,2.75951341,2.76399713,2.76817754,2.77203214,2.77554006,2.77868222,2.7814414,2.78380244,2.78575233,2.78728025,2.78837774,2.78903869,2.78925941
2.79515968,2.79494064,2.79428475,2.79319566,2.7916794,2.78974439,2.78740133,2.78466312,2.7815448,2.77806341,2.77423789,2.77008893,2.76563882,2.76091135,2.75593157,2.7507257,2.74532094,2.73974526,2.7340273,2.72819618,2.7222813,2.71631221,2.71031847,2.70432946,2.69837426,2.69248151,2.68667927,2.6809949,2.67545497,2.67008513,2.66491,2.65995311,2.65523681,2.65078218,2.64660899,2.64273561,2.63917898,2.63595456,2.63307628,2.6305565,2.628406,2.62663393,2.62524783,2.62425355,2.62365531,2.62345561,2.62365531,2.62425355,2.62524783,2.62663393,2.628406,2.6305565,2.63307628,2.63595456,2.63917898,2.64273561,2.64660899,2.65078218,2.65523681,2.65995311,2.66491,2.67008513,2.67545497,2.6809949,2.68667927,2.69248151,2.69837426,2.70432946,2.71031847,2.71631221,2.7222813,2.72819618,2.7340273,2.73974526,2.74532094,2.7507257,2.75593157,2.76091135,2.76563882,2.77008893,2.77423789,2.77806341,2.7815448,2.78466312,2.78740133,2.78974439,2.7916794,2.79319566,2.79428475,2.79494064,2.79515968
2.80100631,2.80078897,2.80013817,2.79905751,2.79755298,2.79563293,2.79330795,2.79059083,2.78749647,2.78404177,2.7802455,2.77612816,2.77171187,2.76702019,2.76207798,2.75691123,2.75154692,2.7460128,2.74033728,2.73454924,2.72867786,2.72275248,2.71680243,2.71085686,2.70494466,2.69909426,2.69333353,2.68768965,2.68218901,2.67685708,2.67171833,2.66679615,2.66211275,2.65768909,2.6535448,2.64969816,2.64616602,2.64296374,2.64010516,2.6376026,2.63546676,2.63370677,2.63233009,2.63134257,2.63074838,2.63055004,2.63074838,2.63134257,2.63233009,2.63370677,2.63546676,2.6376026,2.64010516,2.64296374,2.64616602,2.64969816,2.6535448,2.65768909,2.66211275,2.66679615,2.67171833,2.67685708,2.68218901,2.68768965,2.69333353,2.69909426,2.70494466,2.71085686,2.71680243,2.72275248,2.72867786,2.73454924,2.74033728,2.7460128,2.75154692,2.75691123,2.76207798,2.76702019,2.77171187,2.77612816,2.7802455,2.78404177,2.78749647,2.79059083,2.79330795,2.79563293,2.79755298,2.79905751,2.80013817,2.80078897,2.80100631
2.80676853,2.80655289,2.80590716,2.80483493,2.80334214,2.80143704,2.79913013,2.7964341,2.79336371,2.78993569,2.78616867,2.78208296,2.77770048,2.7730446,2.76813996,2.76301235,2.7576885,2.75219595,2.74656289,2.74081796,2.73499012,2.72910847,2.72320214,2.71730006,2.7114309,2.7056229,2.69990373,2.69430039,2.68883908,2.68354511,2.67844281,2.6735554,2.66890495,2.6645123,2.66039697,2.65657712,2.6530695,2.6498894,2.64705057,2.64456526,2.64244412,2.64069621,2.63932898,2.63834823,2.63775812,2.63756113,2.63775812,2.63834823,2.63932898,2.64069621,2.64244412,2.64456526,2.64705057,2.6498894,2.6530695,2.65657712,2.66039697,2.6645123,2.66890495,2.6735554,2.67844281,2.68354511,2.68883908,2.69430039,2.69990373,2.7056229,2.7114309,2.71730006,2.72320214,2.72910847,2.73499012,2.74081796,2.74656289,2.75219595,2.7576885,2.76301235,2.76813996,2.7730446,2.77770048,2.78208296,2.78616867,2.78993569,2.79336371,2.7964341,2.79913013,2.80143704,2.80334214,2.80483493,2.80590716,2.80655289,2.80676853
2.81241526,2.81220131,2.81156064,2.81049679,2.80901566,2.80712541,2.80483647,2.80216139,2.79911481,2.79571332,2.79197536,2.78792108,2.78357222,2.77895192,2.77408464,2.76899593,2.76371232,2.75826111,2.75267027,2.74696822,2.74118367,2.73534553,2.72948269,2.72362387,2.71779754,2.71203172,2.70635391,2.70079091,2.69536875,2.69011257,2.68504654,2.68019373,2.67557609,2.67121432,2.66712782,2.66333465,2.65985145,2.65669343,2.65387427,2.65140614,2.64929964,2.64756378,2.64620595,2.64523194,2.64464588,2.64445025,2.64464588,2.64523194,2.64620595,2.64756378,2.64929964,2.65140614,2.65387427,2.65669343,2.65985145,2.66333465,2.66712782,2.67121432,2.67557609,2.68019373,2.68504654,2.69011257,2.69536875,2.70079091,2.70635391,2.71203172,2.71779754,2.72362387,2.72948269,2.73534553,2.74118367,2.74696822,2.75267027,2.75826111,2.76371232,2.76899593,2.77408464,2.77895192,2.78357222,2.78792108,2.79197536,2.79571332,2.79911481,2.80216139,2.80483647,2.80712541,2.80901566,2.81049679,2.81156064,2.81220131,2.81241526
2.81791539,2.8177031,2.81706741,2.81601184,2.81454222,2.81266664,2.81039543,2.80774104,2.80471797,2.80134268,2.79763342,2.79361018,2.78929451,2.78470937,2.77987898,2.7748287,2.76958483,2.76417447,2.75862534,2.75296564,2.74722389,2.74142874,2.73560887,2.72979281,2.72400881,2.7182847,2.71264777,2.70712466,2.7017412,2.69652239,2.69149223,2.68667366,2.68208846,2.67775723,2.67369925,2.66993246,2.66647343,2.66333726,2.66053756,2.65808643,2.65599441,2.65427046,2.65292194,2.65195461,2.65137256,2.65117827,2.65137256,2.65195461,2.65292194,2.65427046,2.65599441,2.65808643,2.66053756,2.66333726,2.66647343,2.66993246,2.67369925,2.67775723,2.68208846,2.68667366,2.69149223,2.69652239,2.7017412,2.70712466,2.71264777,2.7182847,2.72400881,2.72979281,2.73560887,2.74142874,2.74722389,2.75296564,2.75862534,2.76417447,2.76958483,2.7748287,2.77987898,2.78470937,2.78929451,2.79361018,2.79763342,2.80134268,2.80471797,2.80774104,2.81039543,2.81266664,2.81454222,2.81601184,2.81706741,2.8177031,2.81791539
2.82323792,2.82302726,2.82239646,2.821349,2.81989066,2.81802946,2.81577564,2.81314154,2.81014152,2.8067919,2.80311079,2.79911799,2.79483487,2.7902842,2.78549,2.78047741,2.77527253,2.76990223,2.76439403,2.75877589,2.75307612,2.74732316,2.74154547,2.73577138,2.73002892,2.72434575,2.71874896,2.71326499,2.70791955,2.70273743,2.69774249,2.69295752,2.6884042,2.68410296,2.68007299,2.67633213,2.67289683,2.66978212,2.66700153,2.6645671,2.66248931,2.66077707,2.6594377,2.65847692,2.65789881,2.65770584,2.65789881,2.65847692,2.6594377,2.66077707,2.66248931,2.6645671,2.66700153,2.66978212,2.67289683,2.67633213,2.68007299,2.68410296,2.6884042,2.69295752,2.69774249,2.70273743,2.70791955,2.71326499,2.71874896,2.72434575,2.73002892,2.73577138,2.74154547,2.74732316,2.75307612,2.75877589,2.76439403,2.76990223,2.77527253,2.78047741,2.78549,2.7902842,2.79483487,2.79911799,2.80311079,2.8067919,2.81014152,2.81314154,2.81577564,2.81802946,2.81989066,2.821349,2.82239646,2.82302726,2.82323792
2.82835222,2.82814315,2.82751711,2.82647754,2.82503017,2.82318296,2.82094606,2.81833169,2.81535411,2.81202947,2.80837575,2.80441258,2.80016113,2.79564401,2.79088503,2.78590913,2.7807422,2.77541091,2.76994254,2.76436487,2.75870598,2.7529941,2.74725748,2.74152426,2.73582227,2.73017898,2.72462128,2.71917547,2.71386705,2.70872068,2.70376006,2.69900785,2.69448558,2.69021358,2.68621091,2.68249531,2.67908315,2.67598936,2.67322741,2.67080926,2.66874534,2.66704452,2.66571406,2.66475967,2.66418541,2.66399371,2.66418541,2.66475967,2.66571406,2.66704452,2.66874534,2.67080926,2.67322741,2.67598936,2.67908315,2.68249531,2.68621091,2.69021358,2.69448558,2.69900785,2.70376006,2.70872068,2.71386705,2.71917547,2.72462128,2.73017898,2.73582227,2.74152426,2.74725748,2.7529941,2.75870598,2.76436487,2.76994254,2.77541091,2.7807422,2.78590913,2.79088503,2.79564401,2.80016113,2.80441258,2.80837575,2.81202947,2.81535411,2.81833169,2.82094606,2.82318296,2.82503017,2.82647754,2.82751711,2.82814315,2.82835222
2.83322828,2.83302074,2.83239928,2.83136733,2.82993055,2.82809684,2.82587626,2.82328093,2.82032499,2.81702446,2.81339717,2.80946258,2.80524171,2.80075695,2.79603196,2.79109148,2.78596119,2.78066754,2.77523764,2.76969903,2.76407961,2.75840739,2.75271045,2.74701669,2.74135379,2.73574901,2.73022908,2.72482012,2.71954747,2.71443564,2.70950819,2.70478763,2.70029537,2.69605161,2.69207533,2.68838415,2.68499435,2.68192079,2.67917685,2.67677444,2.67472393,2.67303413,2.6717123,2.67076409,2.67019354,2.67000309,2.67019354,2.67076409,2.6717123,2.67303413,2.67472393,2.67677444,2.67917685,2.68192079,2.68499435,2.68838415,2.69207533,2.69605161,2.70029537,2.70478763,2.70950819,2.71443564,2.71954747,2.72482012,2.73022908,2.73574901,2.74135379,2.74701669,2.75271045,2.75840739,2.76407961,2.76969903,2.77523764,2.78066754,2.78596119,2.79109148,2.79603196,2.80075695,2.80524171,2.80946258,2.81339717,2.81702446,2.82032499,2.82328093,2.82587626,2.82809684,2.82993055,2.83136733,2.83239928,2.83302074,2.83322828
2.83783693,2.83763086,2.83701379,2.83598911,2.83456245,2.83274164,2.83053666,2.82795953,2.82502428,2.82174679,2.81814476,2.8142375,2.81004585,2.80559205,2.80089956,2.79599294,2.79089767,2.78564003,2.7802469,2.77474567,2.76916399,2.76352972,2.75787072,2.75221472,2.74658922,2.74102128,2.73553749,2.73016379,2.72492538,2.71984661,2.7149509,2.71026063,2.7057971,2.70158039,2.69762936,2.69396157,2.69059318,2.68753898,2.68481229,2.68242494,2.68038727,2.67870804,2.67739447,2.67645217,2.67588518,2.67569591,2.67588518,2.67645217,2.67739447,2.67870804,2.68038727,2.68242494,2.68481229,2.68753898,2.69059318,2.69396157,2.69762936,2.70158039,2.7057971,2.71026063,2.7149509,2.71984661,2.72492538,2.73016379,2.73553749,2.74102128,2.74658922,2.75221472,2.75787072,2.76352972,2.76916399,2.77474567,2.7802469,2.78564003,2.79089767,2.79599294,2.80089956,2.80559205,2.81004585,2.8142375,2.81814476,2.82174679,2.82502428,2.82795953,2.83053666,2.83274164,2.83456245,2.83598911,2.83701379,2.83763086,2.83783693
2.84215014,2.84194546,2.84133253,2.84031472,2.83889764,2.83708903,2.8348988,2.83233888,2.82942319,2.8261675,2.82258936,2.81870795,2.81454394,2.81011942,2.80545768,2.80058309,2.79552096,2.79029738,2.78493907,2.77947319,2.77392724,2.76832888,2.76270579,2.75708554,2.75149543,2.74596238,2.7405128,2.73517249,2.72996649,2.72491902,2.72005337,2.71539179,2.71095546,2.70676437,2.70283727,2.69919162,2.69584351,2.69280765,2.6900973,2.68772424,2.68569873,2.68402951,2.68272376,2.68178706,2.68122344,2.6810353,2.68122344,2.68178706,2.68272376,2.68402951,2.68569873,2.68772424,2.6900973,2.69280765,2.69584351,2.69919162,2.70283727,2.70676437,2.71095546,2.71539179,2.72005337,2.72491902,2.72996649,2.73517249,2.7405128,2.74596238,2.75149543,2.75708554,2.76270579,2.76832888,2.77392724,2.77947319,2.78493907,2.79029738,2.79552096,2.80058309,2.80545768,2.81011942,2.81454394,2.81870795,2.82258936,2.8261675,2.82942319,2.83233888,2.8348988,2.83708903,2.83889764,2.84031472,2.84133253,2.84194546,2.84215014
2.84614121,2.84593782,2.84532876,2.84431739,2.84290924,2.84111203,2.83893558,2.83639175,2.83349434,2.83025902,2.8267032,2.82284593,2.81870777,2.81431061,2.8096776,2.80483294,2.79980179,2.79461006,2.78928428,2.78385145,2.7783389,2.77277411,2.76718461,2.76159778,2.75604077,2.75054034,2.74512276,2.73981368,2.734638,2.72961981,2.72478228,2.72014754,2.71573666,2.71156954,2.70766483,2.70403989,2.70071076,2.69769207,2.694997,2.6926373,2.69062317,2.68896332,2.68766489,2.68673344,2.68617298,2.68598589,2.68617298,2.68673344,2.68766489,2.68896332,2.69062317,2.6926373,2.694997,2.69769207,2.70071076,2.70403989,2.70766483,2.71156954,2.71573666,2.72014754,2.72478228,2.72961981,2.734638,2.73981368,2.74512276,2.75054034,2.75604077,2.76159778,2.76718461,2.77277411,2.7783389,2.78385145,2.78928428,2.79461006,2.79980179,2.80483294,2.8096776,2.81431061,2.81870777,2.82284593,2.8267032,2.83025902,2.83349434,2.83639175,2.83893558,2.84111203,2.84290924,2.84431739,2.84532876,2.84593782,2.84614121
2.84978508,2.84958288,2.84897739,2.84797194,2.84657202,2.84478531,2.84262156,2.84009254,2.83721196,2.8339954,2.83046015,2.82662514,2.82251077,2.81813882,2.81353228,2.80871521,2.80371261,2.79855022,2.79325442,2.78785205,2.78237028,2.77683644,2.77127789,2.76572186,2.76019537,2.75472502,2.74933694,2.74405665,2.73890893,2.73391774,2.72910613,2.72449615,2.72010875,2.71596373,2.71207966,2.70847384,2.70516221,2.70215935,2.69947839,2.69713101,2.69512739,2.69347618,2.6921845,2.69125789,2.69070033,2.69051422,2.69070033,2.69125789,2.6921845,2.69347618,2.69512739,2.69713101,2.69947839,2.70215935,2.70516221,2.70847384,2.71207966,2.71596373,2.72010875,2.72449615,2.72910613,2.73391774,2.73890893,2.74405665,2.74933694,2.75472502,2.76019537,2.76572186,2.77127789,2.77683644,2.78237028,2.78785205,2.79325442,2.79855022,2.80371261,2.80871521,2.81353228,2.81813882,2.82251077,2.82662514,2.83046015,2.8339954,2.83721196,2.84009254,2.84262156,2.84478531,2.84657202,2.84797194,2.84897739,2.84958288,2.84978508
2.85305854,2.85285742,2.85225516,2.85125507,2.84986261,2.84808541,2.84593315,2.84341754,2.84055222,2.83735264,2.83383602,2.83002115,2.82592834,2.82157922,2.81699666,2.81220458,2.80722783,2.80209202,2.79682338,2.79144862,2.78599474,2.78048894,2.77495843,2.76943032,2.76393148,2.75848838,2.75312705,2.74787285,2.74275046,2.73778375,2.73299565,2.7284081,2.72404198,2.719917,2.71605165,2.71246315,2.7091674,2.70617889,2.70351072,2.70117452,2.69918042,2.69753705,2.69625149,2.69532927,2.69477435,2.69458912,2.69477435,2.69532927,2.69625149,2.69753705,2.69918042,2.70117452,2.70351072,2.70617889,2.7091674,2.71246315,2.71605165,2.719917,2.72404198,2.7284081,2.73299565,2.73778375,2.74275046,2.74787285,2.75312705,2.75848838,2.76393148,2.76943032,2.77495843,2.78048894,2.78599474,2.79144862,2.79682338,2.80209202,2.80722783,2.81220458,2.81699666,2.82157922,2.82592834,2.83002115,2.83383602,2.83735264,2.84055222,2.84341754,2.84593315,2.84808541,2.84986261,2.85125507,2.85225516,2.85285742,2.85305854
2.8559405,2.85574034,2.85514094,2.8541456,2.85275976,2.85099098,2.84884891,2.8463452,2.84349339,2.84030888,2.83680877,2.83301177,2.82893807,2.8246092,2.82004791,2.81527799,2.81032417,2.80521193,2.79996739,2.7946171,2.78918796,2.78370703,2.77820141,2.77269806,2.76722375,2.76180485,2.75646723,2.75123619,2.74613629,2.74119129,2.73642405,2.73185642,2.72750919,2.72340199,2.71955325,2.71598014,2.71269847,2.70972271,2.70706589,2.70473961,2.70275396,2.70111755,2.69983742,2.6989191,2.69836653,2.69818207,2.69836653,2.6989191,2.69983742,2.70111755,2.70275396,2.70473961,2.70706589,2.70972271,2.71269847,2.71598014,2.71955325,2.72340199,2.72750919,2.73185642,2.73642405,2.74119129,2.74613629,2.75123619,2.75646723,2.76180485,2.76722375,2.77269806,2.77820141,2.78370703,2.78918796,2.7946171,2.79996739,2.80521193,2.81032417,2.81527799,2.82004791,2.8246092,2.82893807,2.83301177,2.83680877,2.84030888,2.84349339,2.8463452,2.84884891,2.85099098,2.85275976,2.8541456,2.85514094,2.85574034,2.8559405
2.85841217,2.85821283,2.85761591,2.85662466,2.85524453,2.85348302,2.85134975,2.8488563,2.84601616,2.84284464,2.83935879,2.83557721,2.83152,2.82720861,2.82266567,2.81791488,2.81298085,2.80788896,2.80266521,2.79733605,2.79192827,2.78646881,2.78098467,2.77550271,2.77004958,2.76465155,2.75933442,2.75412338,2.74904289,2.74411665,2.73936742,2.73481699,2.73048607,2.72639423,2.72255985,2.71900002,2.71573052,2.71276576,2.71011875,2.70780104,2.70582269,2.70419229,2.70291686,2.70200191,2.70145136,2.70126758,2.70145136,2.70200191,2.70291686,2.70419229,2.70582269,2.70780104,2.71011875,2.71276576,2.71573052,2.71900002,2.72255985,2.72639423,2.73048607,2.73481699,2.73936742,2.74411665,2.74904289,2.75412338,2.75933442,2.76465155,2.77004958,2.77550271,2.78098467,2.78646881,2.79192827,2.79733605,2.80266521,2.80788896,2.81298085,2.81791488,2.82266567,2.82720861,2.83152,2.83557721,2.83935879,2.84284464,2.84601616,2.8488563,2.85134975,2.85348302,2.85524453,2.85662466,2.85761591,2.85821283,2.85841217
2.86045729,2.86025864,2.85966377,2.85867594,2.85730054,2.85554509,2.85341913,2.85093421,2.84810377,2.84494307,2.84146907,2.83770032,2.83365683,2.82935997,2.8248323,2.82009742,2.81517985,2.81010489,2.80489844,2.79958687,2.79419685,2.78875526,2.78328899,2.77782482,2.77238932,2.76700867,2.76170858,2.75651417,2.75144985,2.74653922,2.74180498,2.73726886,2.73295151,2.72887246,2.72505002,2.72150125,2.71824188,2.71528629,2.71264744,2.71033686,2.70836459,2.70673919,2.70546767,2.70455552,2.70400666,2.70382344,2.70400666,2.70455552,2.70546767,2.70673919,2.70836459,2.71033686,2.71264744,2.71528629,2.71824188,2.72150125,2.72505002,2.72887246,2.73295151,2.73726886,2.74180498,2.74653922,2.75144985,2.75651417,2.76170858,2.76700867,2.77238932,2.77782482,2.78328899,2.78875526,2.79419685,2.79958687,2.80489844,2.81010489,2.81517985,2.82009742,2.8248323,2.82935997,2.83365683,2.83770032,2.84146907,2.84494307,2.84810377,2.85093421,2.85341913,2.85554509,2.85730054,2.85867594,2.85966377,2.86025864,2.86045729
2.8620623,2.86186419,2.86127094,2.8602858,2.85891414,2.85716345,2.85504326,2.85256507,2.84974228,2.8465901,2.84312543,2.83936679,2.83533412,2.83104872,2.82653307,2.82181073,2.81690614,2.81184453,2.80665171,2.801354,2.79597799,2.79055048,2.78509829,2.77964815,2.77422654,2.76885959,2.76357295,2.75839166,2.75334008,2.74844175,2.74371934,2.7391945,2.73488786,2.73081889,2.72700587,2.72346582,2.72021444,2.71726607,2.71463366,2.7123287,2.71036123,2.70873977,2.70747134,2.7065614,2.70601386,2.70583109,2.70601386,2.7065614,2.70747134,2.70873977,2.71036123,2.7123287,2.71463366,2.71726607,2.72021444,2.72346582,2.72700587,2.73081889,2.73488786,2.7391945,2.74371934,2.74844175,2.75334008,2.75839166,2.76357295,2.76885959,2.77422654,2.77964815,2.78509829,2.79055048,2.79597799,2.801354,2.80665171,2.81184453,2.81690614,2.82181073,2.82653307,2.83104872,2.83533412,2.83936679,2.84312543,2.8465901,2.84974228,2.85256507,2.85504326,2.85716345,2.85891414,2.8602858,2.86127094,2.86186419,2.8620623
2.8632165,2.86301878,2.86242669,2.86144349,2.86007453,2.85832728,2.85621125,2.8537379,2.85092063,2.84777459,2.84431667,2.84056532,2.83654045,2.83226331,2.82775635,2.82304305,2.81814783,2.81309584,2.80791286,2.80262514,2.79725924,2.7918419,2.78639988,2.78095986,2.77554828,2.77019121,2.76491426,2.75974244,2.75470005,2.74981061,2.74509672,2.74058003,2.73628112,2.73221943,2.7284132,2.72487944,2.72163383,2.71869068,2.71606291,2.71376202,2.711798,2.71017939,2.70891318,2.70800484,2.70745826,2.70727581,2.70745826,2.70800484,2.70891318,2.71017939,2.711798,2.71376202,2.71606291,2.71869068,2.72163383,2.72487944,2.7284132,2.73221943,2.73628112,2.74058003,2.74509672,2.74981061,2.75470005,2.75974244,2.76491426,2.77019121,2.77554828,2.78095986,2.78639988,2.7918419,2.79725924,2.80262514,2.80791286,2.81309584,2.81814783,2.82304305,2.82775635,2.83226331,2.83654045,2.84056532,2.84431667,2.84777459,2.85092063,2.8537379,2.85621125,2.85832728,2.86007453,2.86144349,2.86242669,2.86301878,2.8632165
2.86391213,2.86371465,2.86312327,2.86214124,2.86077391,2.85902873,2.85691521,2.8544448,2.85163086,2.84848853,2.84503468,2.84128773,2.83726757,2.83299543,2.82849371,2.82378588,2.81889631,2.81385014,2.8086731,2.80339142,2.79803163,2.79262042,2.78718454,2.78175063,2.77634511,2.77099401,2.76572293,2.76055682,2.75551999,2.75063591,2.74592718,2.74141541,2.73712116,2.73306387,2.72926175,2.72573179,2.72248966,2.71954966,2.7169247,2.71462626,2.71266434,2.71104745,2.70978258,2.7088752,2.7083292,2.70814694,2.7083292,2.7088752,2.70978258,2.71104745,2.71266434,2.71462626,2.7169247,2.71954966,2.72248966,2.72573179,2.72926175,2.73306387,2.73712116,2.74141541,2.74592718,2.75063591,2.75551999,2.76055682,2.76572293,2.77099401,2.77634511,2.78175063,2.78718454,2.79262042,2.79803163,2.80339142,2.8086731,2.81385014,2.81889631,2.82378588,2.82849371,2.83299543,2.83726757,2.84128773,2.84503468,2.84848853,2.85163086,2.8544448,2.85691521,2.85902873,2.86077391,2.86214124,2.86312327,2.86371465,2.86391213
2.86414454,2.86394713,2.86335599,2.86237435,2.86100756,2.85926308,2.8571504,2.85468097,2.85186814,2.84872706,2.84527457,2.84152909,2.83751051,2.83324003,2.82874006,2.82403406,2.81914638,2.81410215,2.80892711,2.80364745,2.79828969,2.79288054,2.78744671,2.78201485,2.77661135,2.77126226,2.76599313,2.76082894,2.75579396,2.75091168,2.74620467,2.74169455,2.73740186,2.73334604,2.7295453,2.72601661,2.72277564,2.71983669,2.71721267,2.71491505,2.71295383,2.71133752,2.7100731,2.70916604,2.70862024,2.70843804,2.70862024,2.70916604,2.7100731,2.71133752,2.71295383,2.71491505,2.71721267,2.71983669,2.72277564,2.72601661,2.7295453,2.73334604,2.73740186,2.74169455,2.74620467,2.75091168,2.75579396,2.76082894,2.76599313,2.77126226,2.77661135,2.78201485,2.78744671,2.79288054,2.79828969,2.80364745,2.80892711,2.81410215,2.81914638,2.82403406,2.82874006,2.83324003,2.83751051,2.84152909,2.84527457,2.84872706,2.85186814,2.85468097,2.8571504,2.85926308,2.86100756,2.86237435,2.86335599,2.86394713,2.86414454
2.86391213,2.86371465,2.86312327,2.86214124,2.86077391,2.85902873,2.85691521,2.8544448,2.85163086,2.84848853,2.84503468,2.84128773,2.83726757,2.83299543,2.82849371,2.82378588,2.81889631,2.81385014,2.8086731,2.80339142,2.79803163,2.79262042,2.78718454,2.78175063,2.77634511,2.77099401,2.76572293,2.76055682,2.75551999,2.75063591,2.74592718,2.74141541,2.73712116,2.73306387,2.72926175,2.72573179,2.72248966,2.71954966,2.7169247,2.71462626,2.71266434,2.71104745,2.70978258,2.7088752,2.7083292,2.70814694,2.7083292,2.7088752,2.70978258,2.71104745,2.71266434,2.71462626,2.7169247,2.71954966,2.72248966,2.72573179,2.72926175,2.73306387,2.73712116,2.74141541,2.74592718,2.75063591,2.75551999,2.76055682,2.76572293,2.77099401,2.77634511,2.78175063,2.78718454,2.79262042,2.79803163,2.80339142,2.8086731,2.81385014,2.81889631,2.82378588,2.82849371,2.83299543,2.83726757,2.84128773,2.84503468,2.84848853,2.85163086,2.8544448,2.85691521,2.85902873,2.86077391,2.86214124,2.86312327,2.86371465,2.86391213
2.8632165,2.86301878,2.86242669,2.86144349,2.86007453,2.85832728,2.85621125,2.8537379,2.85092063,2.84777459,2.84431667,2.84056532,2.83654045,2.83226331,2.82775635,2.82304305,2.81814783,2.81309584,2.80791286,2.80262514,2.79725924,2.7918419,2.78639988,2.78095986,2.77554828,2.77019121,2.76491426,2.75974244,2.75470005,2.74981061,2.74509672,2.74058003,2.73628112,2.73221943,2.7284132,2.72487944,2.72163383,2.71869068,2.71606291,2.71376202,2.711798,2.71017939,2.70891318,2.70800484,2.70745826,2.70727581,2.70745826,2.70800484,2.70891318,2.71017939,2.711798,2.71376202,2.71606291,2.71869068,2.72163383,2.72487944,2.7284132,2.73221943,2.73628112,2.74058003,2.74509672,2.74981061,2.75470005,2.75974244,2.76491426,2.77019121,2.77554828,2.78095986,2.78639988,2.7918419,2.79725924,2.80262514,2.80791286,2.81309584,2.81814783,2.82304305,2.82775635,2.83226331,2.83654045,2.84056532,2.84431667,2.84777459,2.85092063,2.8537379,2.85621125,2.85832728,2.86007453,2.86144349,2.86242669,2.86301878,2.8632165
2.8620623,2.86186419,2.86127094,2.8602858,2.85891414,2.85716345,2.85504326,2.85256507,2.84974228,2.8465901,2.84312543,2.83936679,2.83533412,2.83104872,2.82653307,2.82181073,2.81690614,2.81184453,2.80665171,2.801354,2.79597799,2.79055048,2.78509829,2.77964815,2.77422654,2.76885959,2.76357295,2.75839166,2.75334008,2.74844175,2.74371934,2.7391945,2.73488786,2.73081889,2.72700587,2.72346582,2.72021444,2.71726607,2.71463366,2.7123287,2.71036123,2.70873977,2.70747134,2.7065614,2.70601386,2.70583109,2.70601386,2.7065614,2.70747134,2.70873977,2.71036123,2.7123287,2.71463366,2.71726607,2.72021444,2.72346582,2.72700587,2.73081889,2.73488786,2.7391945,2.74371934,2.74844175,2.75334008,2.75839166,2.76357295,2.76885959,2.77422654,2.77964815,2.78509829,2.79055048,2.79597799,2.801354,2.80665171,2.81184453,2.81690614,2.82181073,2.82653307,2.83104872,2.83533412,2.83936679,2.84312543,2.8465901,2.84974228,2.85256507,2.85504326,2.85716345,2.85891414,2.8602858,2.86127094,2.86186419,2.8620623
2.86045729,2.86025864,2.85966377,2.85867594,2.85730054,2.85554509,2.85341913,2.85093421,2.84810377,2.84494307,2.84146907,2.83770032,2.83365683,2.82935997,2.8248323,2.82009742,2.81517985,2.81010489,2.80489844,2.79958687,2.79419685,2.78875526,2.78328899,2.77782482,2.77238932,2.76700867,2.76170858,2.75651417,2.75144985,2.74653922,2.74180498,2.73726886,2.73295151,2.72887246,2.72505002,2.72150125,2.71824188,2.71528629,2.71264744,2.71033686,2.70836459,2.70673919,2.70546767,2.70455552,2.70400666,2.70382344,2.70400666,2.70455552,2.70546767,2.70673919,2.70836459,2.71033686,2.71264744,2.71528629,2.71824188,2.72150125,2.72505002,2.72887246,2.73295151,2.73726886,2.74180498,2.74653922,2.75144985,2.75651417,2.76170858,2.76700867,2.77238932,2.77782482,2.78328899,2.78875526,2.79419685,2.79958687,2.80489844,2.81010489,2.81517985,2.82009742,2.8248323,2.82935997,2.83365683,2.83770032,2.84146907,2.84494307,2.84810377,2.85093421,2.85341913,2.85554509,2.85730054,2.85867594,2.85966377,2.86025864,2.86045729
2.85841217,2.85821283,2.85761591,2.85662466,2.85524453,2.85348302,2.85134975,2.8488563,2.84601616,2.84284464,2.83935879,2.83557721,2.83152,2.82720861,2.82266567,2.81791488,2.81298085,2.80788896,2.80266521,2.79733605,2.79192827,2.78646881,2.78098467,2.77550271,2.77004958,2.76465155,2.75933442,2.75412338,2.74904289,2.74411665,2.73936742,2.73481699,2.73048607,2.72639423,2.72255985,2.71900002,2.71573052,2.71276576,2.71011875,2.70780104,2.70582269,2.70419229,2.70291686,2.70200191,2.70145136,2.70126758,2.70145136,2.70200191,2.70291686,2.70419229,2.70582269,2.70780104,2.71011875,2.71276576,2.71573052,2.71900002,2.72255985,2.72639423,2.73048607,2.73481699,2.73936742,2.74411665,2.74904289,2.75412338,2.75933442,2.76465155,2.77004958,2.77550271,2.78098467,2.78646881,2.79192827,2.79733605,2.80266521,2.80788896,2.81298085,2.81791488,2.82266567,2.82720861,2.83152,2.83557721,2.83935879,2.84284464,2.84601616,2.8488563,2.85134975,2.85348302,2.85524453,2.85662466,2.85761591,2.85821283,2.85841217
2.8559405,2.85574034,2.85514094,2.8541456,2.85275976,2.85099098,2.84884891,2.8463452,2.84349339,2.84030888,2.83680877,2.83301177,2.82893807,2.8246092,2.82004791,2.81527799,2.81032417,2.80521193,2.79996739,2.7946171,2.78918796,2.78370703,2.77820141,2.77269806,2.76722375,2.76180485,2.75646723,2.75123619,2.74613629,2.74119129,2.73642405,2.73185642,2.72750919,2.72340199,2.71955325,2.71598014,2.71269847,2.70972271,2.70706589,2.70473961,2.70275396,2.70111755,2.69983742,2.6989191,2.69836653,2.69818207,2.69836653,2.6989191,2.69983742,2.70111755,2.70275396,2.70473961,2.70706589,2.70972271,2.71269847,2.71598014,2.71955325,2.72340199,2.72750919,2.73185642,2.73642405,2.74119129,2.74613629,2.75123619,2.75646723,2.76180485,2.76722375,2.77269806,2.77820141,2.78370703,2.78918796,2.7946171,2.79996739,2.80521193,2.81032417,2.81527799,2.82004791,2.8246092,2.82893807,2.83301177,2.83680877,2.84030888,2.84349339,2.8463452,2.84884891,2.85099098,2.85275976,2.8541456,2.85514094,2.85574034,2.8559405
2.85305854,2.85285742,2.85225516,2.85125507,2.84986261,2.84808541,2.84593315,2.84341754,2.84055222,2.83735264,2.83383602,2.83002115,2.82592834,2.82157922,2.81699666,2.81220458,2.80722783,2.80209202,2.79682338,2.79144862,2.78599474,2.78048894,2.77495843,2.76943032,2.76393148,2.75848838,2.75312705,2.74787285,2.74275046,2.73778375,2.73299565,2.7284081,2.72404198,2.719917,2.71605165,2.71246315,2.7091674,2.70617889,2.70351072,2.70117452,2.69918042,2.69753705,2.69625149,2.69532927,2.69477435,2.69458912,2.69477435,2.69532927,2.69625149,2.69753705,2.69918042,2.70117452,2.70351072,2.70617889,2.7091674,2.71246315,2.71605165,2.719917,2.72404198,2.7284081,2.73299565,2.73778375,2.74275046,2.74787285,2.75312705,2.75848838,2.76393148,2.76943032,2.77495843,2.78048894,2.78599474,2.79144862,2.79682338,2.80209202,2.80722783,2.81220458,2.81699666,2.82157922,2.82592834,2.83002115,2.83383602,2.83735264,2.84055222,2.84341754,2.84593315,2.84808541,2.84986261,2.85125507,2.85225516,2.85285742,2.85305854
2.84978508,2.84958288,2.84897739,2.84797194,2.84657202,2.84478531,2.84262156,2.84009254,2.83721196,2.8339954,2.83046015,2.82662514,2.82251077,2.81813882,2.81353228,2.80871521,2.80371261,2.79855022,2.79325442,2.78785205,2.78237028,2.77683644,2.77127789,2.76572186,2.76019537,2.75472502,2.74933694,2.74405665,2.73890893,2.73391774,2.72910613,2.72449615,2.72010875,2.71596373,2.71207966,2.70847384,2.70516221,2.70215935,2.69947839,2.69713101,2.69512739,2.69347618,2.6921845,2.69125789,2.69070033,2.69051422,2.69070033,2.69125789,2.6921845,2.69347618,2.69512739,2.69713101,2.69947839,2.70215935,2.70516221,2.70847384,2.71207966,2.71596373,2.72010875,2.72449615,2.72910613,2.73391774,2.73890893,2.74405665,2.74933694,2.75472502,2.76019537,2.76572186,2.77127789,2.77683644,2.78237028,2.78785205,2.79325442,2.79855022,2.80371261,2.80871521,2.81353228,2.81813882,2.82251077,2.82662514,2.83046015,2.8339954,2.83721196,2.84009254,2.84262156,2.84478531,2.84657202,2.84797194,2.84897739,2.84958288,2.84978508
2.84614121,2.84593782,2.84532876,2.84431739,2.84290924,2.84111203,2.83893558,2.83639175,2.83349434,2.83025902,2.8267032,2.82284593,2.81870777,2.81431061,2.8096776,2.80483294,2.79980179,2.79461006,2.78928428,2.78385145,2.7783389,2.77277411,2.76718461,2.76159778,2.75604077,2.75054034,2.74512276,2.73981368,2.734638,2.72961981,2.72478228,2.72014754,2.71573666,2.71156954,2.70766483,2.70403989,2.70071076,2.69769207,2.694997,2.6926373,2.69062317,2.68896332,2.68766489,2.68673344,2.68617298,2.68598589,2.68617298,2.68673344,2.68766489,2.68896332,2.69062317,2.6926373,2.694997,2.69769207,2.70071076,2.70403989,2.70766483,2.71156954,2.71573666,2.72014754,2.72478228,2.72961981,2.734638,2.73981368,2.74512276,2.75054034,2.75604077,2.76159778,2.76718461,2.77277411,2.7783389,2.78385145,2.78928428,2.79461006,2.79980179,2.80483294,2.8096776,2.81431061,2.81870777,2.82284593,2.8267032,2.83025902,2.83349434,2.83639175,2.83893558,2.84111203,2.84290924,2.84431739,2.84532876,2.84593782,2.84614121
2.84215014,2.84194546,2.84133253,2.84031472,2.83889764,2.83708903,2.8348988,2.83233888,2.82942319,2.8261675,2.82258936,2.81870795,2.81454394,2.81011942,2.80545768,2.80058309,2.79552096,2.79029738,2.78493907,2.77947319,2.77392724,2.76832888,2.76270579,2.75708554,2.75149543,2.74596238,2.7405128,2.73517249,2.72996649,2.72491902,2.72005337,2.71539179,2.71095546,2.70676437,2.70283727,2.69919162,2.69584351,2.69280765,2.6900973,2.68772424,2.68569873,2.68402951,2.68272376,2.68178706,2.68122344,2.6810353,2.68122344,2.68178706,2.68272376,2.68402951,2.68569873,2.68772424,2.6900973,2.69280765,2.69584351,2.69919162,2.70283727,2.70676437,2.71095546,2.71539179,2.72005337,2.72491902,2.72996649,2.73517249,2.7405128,2.74596238,2.75149543,2.75708554,2.76270579,2.76832888,2.77392724,2.77947319,2.78493907,2.79029738,2.79552096,2.80058309,2.80545768,2.81011942,2.81454394,2.81870795,2.82258936,2.8261675,2.82942319,2.83233888,2.8348988,2.83708903,2.83889764,2.84031472,2.84133253,2.84194546,2.84215014
2.83783693,2.83763086,2.83701379,2.83598911,2.83456245,2.83274164,2.83053666,2.82795953,2.82502428,2.82174679,2.81814476,2.8142375,2.81004585,2.80559205,2.80089956,2.79599294,2.79089767,2.78564003,2.7802469,2.77474567,2.76916399,2.76352972,2.75787072,2.75221472,2.74658922,2.74102128,2.73553749,2.73016379,2.72492538,2.71984661,2.7149509,2.71026063,2.7057971,2.70158039,2.69762936,2.69396157,2.69059318,2.68753898,2.68481229,2.68242494,2.68038727,2.67870804,2.67739447,2.67645217,2.67588518,2.67569591,2.67588518,2.67645217,2.67739447,2.67870804,2.68038727,2.68242494,2.68481229,2.68753898,2.69059318,2.69396157,2.69762936,2.70158039,2.7057971,2.71026063,2.7149509,2.71984661,2.72492538,2.73016379,2.73553749,2.74102128,2.74658922,2.75221472,2.75787072,2.76352972,2.76916399,2.77474567,2.7802469,2.78564003,2.79089767,2.79599294,2.80089956,2.80559205,2.81004585,2.8142375,2.81814476,2.82174679,2.82502428,2.82795953,2.83053666,2.83274164,2.83456245,2.83598911,2.83701379,2.83763086,2.83783693
2.83322828,2.83302074,2.83239928,2.83136733,2.82993055,2.82809684,2.82587626,2.82328093,2.82032499,2.81702446,2.81339717,2.80946258,2.80524171,2.80075695,2.79603196,2.79109148,2.78596119,2.78066754,2.77523764,2.76969903,2.76407961,2.75840739,2.75271045,2.74701669,2.74135379,2.73574901,2.73022908,2.72482012,2.71954747,2.71443564,2.70950819,2.70478763,2.70029537,2.69605161,2.69207533,2.68838415,2.68499435,2.68192079,2.67917685,2.67677444,2.67472393,2.67303413,2.6717123,2.67076409,2.67019354,2.67000309,2.67019354,2.67076409,2.6717123,2.67303413,2.67472393,2.67677444,2.67917685,2.68192079,2.68499435,2.68838415,2.69207533,2.69605161,2.70029537,2.70478763,2.70950819,2.71443564,2.71954747,2.72482012,2.73022908,2.73574901,2.74135379,2.74701669,2.75271045,2.75840739,2.76407961,2.76969903,2.77523764,2.78066754,2.78596119,2.79109148,2.79603196,2.80075695,2.80524171,2.80946258,2.81339717,2.81702446,2.82032499,2.82328093,2.82587626,2.82809684,2.82993055,2.83136733,2.83239928,2.83302074,2.83322828
2.82835222,2.82814315,2.82751711,2.82647754,2.82503017,2.82318296,2.82094606,2.81833169,2.81535411,2.81202947,2.80837575,2.80441258,2.80016113,2.79564401,2.79088503,2.78590913,2.7807422,2.77541091,2.76994254,2.76436487,2.75870598,2.7529941,2.74725748,2.74152426,2.73582227,2.73017898,2.72462128,2.71917547,2.71386705,2.70872068,2.70376006,2.69900785,2.69448558,2.69021358,2.68621091,2.68249531,2.67908315,2.67598936,2.67322741,2.67080926,2.66874534,2.66704452,2.66571406,2.66475967,2.66418541,2.66399371,2.66418541,2.66475967,2.66571406,2.66704452,2.66874534,2.67080926,2.67322741,2.67598936,2.67908315,2.68249531,2.68621091,2.69021358,2.69448558,2.69900785,2.70376006,2.70872068,2.71386705,2.71917547,2.72462128,2.73017898,2.73582227,2.74152426,2.74725748,2.7529941,2.75870598,2.76436487,2.76994254,2.77541091,2.7807422,2.78590913,2.79088503,2.79564401,2.80016113,2.80441258,2.80837575,2.81202947,2.81535411,2.81833169,2.82094606,2.82318296,2.82503017,2.82647754,2.82751711,2.82814315,2.82835222
2.82323792,2.82302726,2.82239646,2.821349,2.81989066,2.81802946,2.81577564,2.81314154,2.81014152,2.8067919,2.80311079,2.79911799,2.79483487,2.7902842,2.78549,2.78047741,2.77527253,2.76990223,2.76439403,2.75877589,2.75307612,2.74732316,2.74154547,2.73577138,2.73002892,2.72434575,2.71874896,2.71326499,2.70791955,2.70273743,2.69774249,2.69295752,2.6884042,2.68410296,2.68007299,2.67633213,2.67289683,2.66978212,2.66700153,2.6645671,2.66248931,2.66077707,2.6594377,2.65847692,2.65789881,2.65770584,2.65789881,2.65847692,2.6594377,2.66077707,2.66248931,2.6645671,2.66700153,2.66978212,2.67289683,2.67633213,2.68007299,2.68410296,2.6884042,2.69295752,2.69774249,2.70273743,2.70791955,2.71326499,2.71874896,2.72434575,2.73002892,2.73577138,2.74154547,2.74732316,2.75307612,2.75877589,2.76439403,2.76990223,2.77527253,2.78047741,2.78549,2.7902842,2.79483487,2.79911799,2.80311079,2.8067919,2.81014152,2.81314154,2.81577564,2.81802946,2.81989066,2.821349,2.82239646,2.82302726,2.82323792
2.81791539,2.8177031,2.81706741,2.81601184,2.81454222,2.81266664,2.81039543,2.80774104,2.80471797,2.80134268,2.79763342,2.79361018,2.78929451,2.78470937,2.77987898,2.7748287,2.76958483,2.76417447,2.75862534,2.75296564,2.74722389,2.74142874,2.73560887,2.72979281,2.72400881,2.7182847,2.71264777,2.70712466,2.7017412,2.69652239,2.69149223,2.68667366,2.68208846,2.67775723,2.67369925,2.66993246,2.66647343,2.66333726,2.66053756,2.65808643,2.65599441,2.65427046,2.65292194,2.65195461,2.65137256,2.65117827,2.65137256,2.65195461,2.65292194,2.65427046,2.65599441,2.65808643,2.66053756,2.66333726,2.66647343,2.66993246,2.67369925,2.67775723,2.68208846,2.68667366,2.69149223,2.69652239,2.7017412,2.70712466,2.71264777,2.7182847,2.72400881,2.72979281,2.73560887,2.74142874,2.74722389,2.75296564,2.75862534,2.76417447,2.76958483,2.7748287,2.77987898,2.78470937,2.78929451,2.79361018,2.79763342,2.80134268,2.80471797,2.80774104,2.81039543,2.81266664,2.81454222,2.81601184,2.81706741,2.8177031,2.81791539
2.81241526,2.81220131,2.81156064,2.81049679,2.80901566,2.80712541,2.80483647,2.80216139,2.79911481,2.79571332,2.79197536,2.78792108,2.78357222,2.77895192,2.77408464,2.76899593,2.76371232,2.75826111,2.75267027,2.74696822,2.74118367,2.73534553,2.72948269,2.72362387,2.71779754,2.71203172,2.70635391,2.70079091,2.69536875,2.69011257,2.68504654,2.68019373,2.67557609,2.67121432,2.66712782,2.66333465,2.65985145,2.65669343,2.65387427,2.65140614,2.64929964,2.64756378,2.64620595,2.64523194,2.64464588,2.64445025,2.64464588,2.64523194,2.64620595,2.64756378,2.64929964,2.65140614,2.65387427,2.65669343,2.65985145,2.66333465,2.66712782,2.67121432,2.67557609,2.68019373,2.68504654,2.69011257,2.69536875,2.70079091,2.70635391,2.71203172,2.71779754,2.72362387,2.72948269,2.73534553,2.74118367,2.74696822,2.75267027,2.75826111,2.76371232,2.76899593,2.77408464,2.77895192,2.78357222,2.78792108,2.79197536,2.79571332,2.79911481,2.80216139,2.80483647,2.80712541,2.80901566,2.81049679,2.81156064,2.81220131,2.81241526
2.80676853,2.80655289,2.80590716,2.80483493,2.80334214,2.80143704,2.79913013,2.7964341,2.79336371,2.78993569,2.78616867,2.78208296,2.77770048,2.7730446,2.76813996,2.76301235,2.7576885,2.75219595,2.74656289,2.74081796,2.73499012,2.72910847,2.72320214,2.71730006,2.7114309,2.7056229,2.69990373,2.69430039,2.68883908,2.68354511,2.67844281,2.6735554,2.66890495,2.6645123,2.66039697,2.65657712,2.6530695,2.6498894,2.64705057,2.64456526,2.64244412,2.64069621,2.63932898,2.63834823,2.63775812,2.63756113,2.63775812,2.63834823,2.63932898,2.64069621,2.64244412,2.64456526,2.64705057,2.6498894,2.6530695,2.65657712,2.66039697,2.6645123,2.66890495,2.6735554,2.67844281,2.68354511,2.68883908,2.69430039,2.69990373,2.7056229,2.7114309,2.71730006,2.72320214,2.72910847,2.73499012,2.74081796,2.74656289,2.75219595,2.7576885,2.76301235,2.76813996,2.7730446,2.77770048,2.78208296,2.78616867,2.78993569,2.79336371,2.7964341,2.79913013,2.80143704,2.80334214,2.80483493,2.80590716,2.80655289,2.80676853
2.80100631,2.80078897,2.80013817,2.79905751,2.79755298,2.79563293,2.79330795,2.79059083,2.78749647,2.78404177,2.7802455,2.77612816,2.77171187,2.76702019,2.76207798,2.75691123,2.75154692,2.7460128,2.74033728,2.73454924,2.72867786,2.72275248,2.71680243,2.71085686,2.70494466,2.69909426,2.69333353,2.68768965,2.68218901,2.67685708,2.67171833,2.66679615,2.66211275,2.65768909,2.6535448,2.64969816,2.64616602,2.64296374,2.64010516,2.6376026,2.63546676,2.63370677,2.63233009,2.63134257,2.63074838,2.63055004,2.63074838,2.63134257,2.63233009,2.63370677,2.63546676,2.6376026,2.64010516,2.64296374,2.64616602,2.64969816,2.6535448,2.65768909,2.66211275,2.66679615,2.67171833,2.67685708,2.68218901,2.68768965,2.69333353,2.69909426,2.70494466,2.71085686,2.71680243,2.72275248,2.72867786,2.73454924,2.74033728,2.7460128,2.75154692,2.75691123,2.76207798,2.76702019,2.77171187,2.77612816,2.7802455,2.78404177,2.78749647,2.79059083,2.79330795,2.79563293,2.79755298,2.79905751,2.80013817,2.80078897,2.80100631
2.79515968,2.79494064,2.79428475,2.79319566,2.7916794,2.78974439,2.78740133,2.78466312,2.7815448,2.77806341,2.77423789,2.77008893,2.76563882,2.76091135,2.75593157,2.7507257,2.74532094,2.73974526,2.7340273,2.72819618,2.7222813,2.71631221,2.71031847,2.70432946,2.69837426,2.69248151,2.68667927,2.6809949,2.67545497,2.67008513,2.66491,2.65995311,2.65523681,2.65078218,2.64660899,2.64273561,2.63917898,2.63595456,2.63307628,2.6305565,2.628406,2.62663393,2.62524783,2.62425355,2.62365531,2.62345561,2.62365531,2.62425355,2.62524783,2.62663393,2.628406,2.6305565,2.63307628,2.63595456,2.63917898,2.64273561,2.64660899,2.65078218,2.65523681,2.65995311,2.66491,2.67008513,2.67545497,2.6809949,2.68667927,2.69248151,2.69837426,2.70432946,2.71031847,2.71631221,2.7222813,2.72819618,2.7340273,2.73974526,2.74532094,2.7507257,2.75593157,2.76091135,2.76563882,2.77008893,2.77423789,2.77806341,2.7815448,2.78466312,2.78740133,2.78974439,2.7916794,2.79319566,2.79428475,2.79494064,2.79515968
2.78925941,2.78903869,2.78837774,2.78728025,2.78575233,2.78380244,2.7814414,2.77868222,2.77554006,2.77203214,2.76817754,2.76399713,2.75951341,2.75475035,2.74973323,2.74448847,2.7390435,2.73342651,2.72766639,2.72179245,2.71583434,2.70982183,2.7037847,2.69775253,2.69175462,2.6858198,2.67997633,2.67425176,2.66867282,2.66326533,2.65805407,2.65306272,2.64831376,2.6438284,2.63962652,2.6357266,2.63214568,2.62889929,2.62600145,2.62346458,2.62129953,2.61951549,2.61812004,2.61711906,2.61651678,2.61631574,2.61651678,2.61711906,2.61812004,2.61951549,2.62129953,2.62346458,2.62600145,2.62889929,2.63214568,2.6357266,2.63962652,2.6438284,2.64831376,2.65306272,2.65805407,2.66326533,2.66867282,2.67425176,2.67997633,2.6858198,2.69175462,2.69775253,2.7037847,2.70982183,2.71583434,2.72179245,2.72766639,2.73342651,2.7390435,2.74448847,2.74973323,2.75475035,2.75951341,2.76399713,2.76817754,2.77203214,2.77554006,2.77868222,2.7814414,2.78380244,2.78575233,2.78728025,2.78837774,2.78903869,2.78925941
2.78333584,2.78311344,2.78244749,2.7813417,2.77980223,2.77783764,2.77545881,2.77267888,2.76951316,2.76597899,2.76209563,2.75788412,2.75336716,2.74856892,2.74351487,2.73823167,2.73274694,2.72708913,2.72128733,2.71537107,2.70937024,2.70331482,2.69723481,2.69116,2.68511989,2.67914351,2.67325932,2.66749504,2.66187758,2.65643292,2.65118599,2.64616061,2.64137941,2.6368637,2.6326335,2.62870738,2.62510247,2.62183441,2.61891726,2.61636353,2.61418411,2.61238826,2.61098357,2.60997598,2.60936973,2.60916736,2.60936973,2.60997598,2.61098357,2.61238826,2.61418411,2.61636353,2.61891726,2.62183441,2.62510247,2.62870738,2.6326335,2.6368637,2.64137941,2.64616061,2.65118599,2.65643292,2.66187758,2.66749504,2.67325932,2.67914351,2.68511989,2.69116,2.69723481,2.70331482,2.70937024,2.71537107,2.72128733,2.72708913,2.73274694,2.73823167,2.74351487,2.74856892,2.75336716,2.75788412,2.76209563,2.76597899,2.76951316,2.77267888,2.77545881,2.77783764,2.77980223,2.7813417,2.78244749,2.78311344,2.78333584
2.77741865,2.77719461,2.77652374,2.77540979,2.77385896,2.77187989,2.76948355,2.76668322,2.7634943,2.75993431,2.75602265,2.75178056,2.7472309,2.74239804,2.73730768,2.73198666,2.72646284,2.72076488,2.71492209,2.70896423,2.7029214,2.6968238,2.69070163,2.68458491,2.67850332,2.67248611,2.6665619,2.6607586,2.6551033,2.64962211,2.64434014,2.63928134,2.63446846,2.62992296,2.62566494,2.62171309,2.61808464,2.61479528,2.61185918,2.60928889,2.60709537,2.60528792,2.60387417,2.60286009,2.60224993,2.60204626,2.60224993,2.60286009,2.60387417,2.60528792,2.60709537,2.60928889,2.61185918,2.61479528,2.61808464,2.62171309,2.62566494,2.62992296,2.63446846,2.63928134,2.64434014,2.64962211,2.6551033,2.6607586,2.6665619,2.67248611,2.67850332,2.68458491,2.69070163,2.6968238,2.7029214,2.70896423,2.71492209,2.72076488,2.72646284,2.73198666,2.73730768,2.74239804,2.7472309,2.75178056,2.75602265,2.75993431,2.7634943,2.76668322,2.76948355,2.77187989,2.77385896,2.77540979,2.77652374,2.77719461,2.77741865
2.77153681,2.77131116,2.77063547,2.76951351,2.76795156,2.76595831,2.76354485,2.76072453,2.75751291,2.75392763,2.74998827,2.74571624,2.74113457,2.73626783,2.73114193,2.72578391,2.72022184,2.71448459,2.70860169,2.70260313,2.69651921,2.69038034,2.68421695,2.67805924,2.6719371,2.66587995,2.65991662,2.65407517,2.64838286,2.64286597,2.63754975,2.63245828,2.62761445,2.62303983,2.61875463,2.61477764,2.61112617,2.60781601,2.60486139,2.60227493,2.60006764,2.59824885,2.59682625,2.59580582,2.59519185,2.59498691,2.59519185,2.59580582,2.59682625,2.59824885,2.60006764,2.60227493,2.60486139,2.60781601,2.61112617,2.61477764,2.61875463,2.62303983,2.62761445,2.63245828,2.63754975,2.64286597,2.64838286,2.65407517,2.65991662,2.66587995,2.6719371,2.67805924,2.68421695,2.69038034,2.69651921,2.70260313,2.70860169,2.71448459,2.72022184,2.72578391,2.73114193,2.73626783,2.74113457,2.74571624,2.74998827,2.75392763,2.75751291,2.76072453,2.76354485,2.76595831,2.76795156,2.76951351,2.77063547,2.77131116,2.77153681
2.76571834,2.76549112,2.76481073,2.76368098,2.76210819,2.76010113,2.75767097,2.75483118,2.75159744,2.74798753,2.74402119,2.73971999,2.73510714,2.73020741,2.72504688,2.71965283,2.7140535,2.708278,2.70235606,2.69631787,2.69019394,2.68401491,2.67781139,2.67161378,2.66545217,2.65935617,2.65335476,2.6474762,2.64174789,2.63619627,2.63084672,2.62572348,2.62084955,2.6162466,2.61193497,2.60793353,2.60425969,2.60092931,2.59795668,2.59535449,2.5931338,2.591304,2.5898728,2.5888462,2.58822852,2.58802234,2.58822852,2.5888462,2.5898728,2.591304,2.5931338,2.59535449,2.59795668,2.60092931,2.60425969,2.60793353,2.61193497,2.6162466,2.62084955,2.62572348,2.63084672,2.63619627,2.64174789,2.6474762,2.65335476,2.65935617,2.66545217,2.67161378,2.67781139,2.68401491,2.69019394,2.69631787,2.70235606,2.708278,2.7140535,2.71965283,2.72504688,2.73020741,2.73510714,2.73971999,2.74402119,2.74798753,2.75159744,2.75483118,2.75767097,2.76010113,2.76210819,2.76368098,2.76481073,2.76549112,2.76571834
2.75999028,2.75976153,2.75907659,2.75793929,2.75635599,2.75433554,2.75188919,2.74903052,2.74577533,2.74214154,2.73814904,2.73381955,2.72917648,2.72424476,2.71905068,2.71362169,2.70798626,2.70217369,2.6962139,2.69013732,2.68397463,2.67775669,2.67151429,2.66527804,2.6590782,2.65294456,2.64690628,2.64099177,2.63522861,2.62964336,2.62426156,2.61910756,2.61420448,2.60957412,2.60523691,2.60121181,2.59751631,2.59416635,2.5911763,2.5885589,2.58632525,2.58448479,2.58304526,2.5820127,2.58139143,2.58118405,2.58139143,2.5820127,2.58304526,2.58448479,2.58632525,2.5885589,2.5911763,2.59416635,2.59751631,2.60121181,2.60523691,2.60957412,2.61420448,2.61910756,2.62426156,2.62964336,2.63522861,2.64099177,2.64690628,2.65294456,2.6590782,2.66527804,2.67151429,2.67775669,2.68397463,2.69013732,2.6962139,2.70217369,2.70798626,2.71362169,2.71905068,2.72424476,2.72917648,2.73381955,2.73814904,2.74214154,2.74577533,2.74903052,2.75188919,2.75433554,2.75635599,2.75793929,2.75907659,2.75976153,2.75999028
2.75437857,2.75414836,2.75345902,2.75231442,2.75072098,2.7486876,2.74622562,2.74334873,2.74007285,2.73641601,2.73239826,2.72804149,2.72336925,2.71840668,2.71318022,2.70771753,2.70204728,2.69619895,2.69020267,2.68408905,2.67788899,2.67163352,2.66535364,2.65908013,2.65284343,2.64667351,2.64059969,2.63465055,2.62885379,2.62323614,2.61782325,2.61263961,2.60770846,2.60305169,2.59868982,2.59464193,2.59092558,2.58755677,2.58454993,2.58191788,2.57967175,2.57782102,2.57637347,2.57533516,2.57471044,2.5745019,2.57471044,2.57533516,2.57637347,2.57782102,2.57967175,2.58191788,2.58454993,2.58755677,2.59092558,2.59464193,2.59868982,2.60305169,2.60770846,2.61263961,2.61782325,2.62323614,2.62885379,2.63465055,2.64059969,2.64667351,2.65284343,2.65908013,2.66535364,2.67163352,2.67788899,2.68408905,2.69020267,2.69619895,2.70204728,2.70771753,2.71318022,2.71840668,2.72336925,2.72804149,2.73239826,2.73641601,2.74007285,2.74334873,2.74622562,2.7486876,2.75072098,2.75231442,2.75345902,2.75414836,2.75437857
2.74890797,2.74867635,2.74798279,2.74683119,2.745228,2.7431822,2.74070522,2.73781082,2.73451506,2.73083609,2.7267941,2.72241111,2.71771088,2.71271867,2.70746112,2.70196608,2.6962624,2.69037973,2.68434842,2.67819925,2.67196332,2.66567185,2.65935599,2.65304673,2.64677467,2.64056994,2.63446203,2.62847965,2.62265067,2.61700194,2.61155924,2.60634718,2.60138909,2.596707,2.5923215,2.58825176,2.5845154,2.58112852,2.5781056,2.57545949,2.5732014,2.57134083,2.56988559,2.56884177,2.56821374,2.5680041,2.56821374,2.56884177,2.56988559,2.57134083,2.5732014,2.57545949,2.5781056,2.58112852,2.5845154,2.58825176,2.5923215,2.596707,2.60138909,2.60634718,2.61155924,2.61700194,2.62265067,2.62847965,2.63446203,2.64056994,2.64677467,2.65304673,2.65935599,2.66567185,2.67196332,2.67819925,2.68434842,2.69037973,2.6962624,2.70196608,2.70746112,2.71271867,2.71771088,2.72241111,2.7267941,2.73083609,2.73451506,2.73781082,2.74070522,2.7431822,2.745228,2.74683119,2.74798279,2.74867635,2.74890797
2.74360202,2.74336905,2.74267145,2.74151315,2.73990065,2.73784298,2.73535165,2.73244053,2.72912576,2.72542563,2.72136046,2.71695243,2.71222543,2.7072049,2.70191766,2.69639171,2.69065607,2.68474061,2.67867583,2.6724927,2.66622251,2.65989664,2.65354643,2.64720302,2.6408972,2.63465923,2.62851876,2.62250466,2.61664492,2.61096652,2.60549536,2.60025617,2.59527239,2.59056613,2.58615808,2.58206748,2.57831205,2.57490792,2.57186965,2.56921013,2.56694063,2.56507067,2.5636081,2.56255903,2.56192783,2.56171714,2.56192783,2.56255903,2.5636081,2.56507067,2.56694063,2.56921013,2.57186965,2.57490792,2.57831205,2.58206748,2.58615808,2.59056613,2.59527239,2.60025617,2.60549536,2.61096652,2.61664492,2.62250466,2.62851876,2.63465923,2.6408972,2.64720302,2.65354643,2.65989664,2.66622251,2.6724927,2.67867583,2.68474061,2.69065607,2.69639171,2.70191766,2.7072049,2.71222543,2.71695243,2.72136046,2.72542563,2.72912576,2.73244053,2.73535165,2.73784298,2.73990065,2.74151315,2.74267145,2.74336905,2.74360202
2.73848295,2.7382487,2.73754726,2.73638259,2.73476123,2.73269227,2.73018729,2.72726026,2.72392741,2.72020717,2.71611996,2.71168811,2.70693566,2.7018882,2.69657271,2.69101736,2.68525135,2.67930471,2.67320811,2.66699271,2.66068995,2.65433139,2.64794853,2.64157268,2.63523476,2.62896522,2.62279382,2.61674958,2.61086061,2.60515403,2.59965585,2.59439089,2.5893827,2.58465349,2.58022403,2.57611363,2.57234007,2.56891957,2.56586672,2.56319448,2.56091414,2.55903526,2.55756573,2.55651168,2.55587748,2.55566579,2.55587748,2.55651168,2.55756573,2.55903526,2.56091414,2.56319448,2.56586672,2.56891957,2.57234007,2.57611363,2.58022403,2.58465349,2.5893827,2.59439089,2.59965585,2.60515403,2.61086061,2.61674958,2.62279382,2.62896522,2.63523476,2.64157268,2.64794853,2.65433139,2.66068995,2.66699271,2.67320811,2.67930471,2.68525135,2.69101736,2.69657271,2.7018882,2.70693566,2.71168811,2.71611996,2.72020717,2.72392741,2.72726026,2.73018729,2.73269227,2.73476123,2.73638259,2.73754726,2.7382487,2.73848295
2.73357172,2.73333625,2.73263118,2.73146047,2.72983073,2.72775109,2.7252332,2.7222911,2.71894116,2.71520187,2.71109381,2.70663943,2.7018629,2.69678996,2.69144775,2.6858646,2.68006986,2.67409373,2.66796704,2.66172112,2.65538756,2.64899808,2.64258435,2.63617782,2.62980958,2.62351018,2.61730955,2.61123682,2.60532023,2.59958701,2.59406329,2.58877398,2.58374274,2.57899184,2.57454214,2.57041303,2.56662236,2.56318639,2.56011978,2.55743552,2.55514494,2.55325764,2.55178154,2.55072277,2.55008574,2.54987311,2.55008574,2.55072277,2.55178154,2.55325764,2.55514494,2.55743552,2.56011978,2.56318639,2.56662236,2.57041303,2.57454214,2.57899184,2.58374274,2.58877398,2.59406329,2.59958701,2.60532023,2.61123682,2.61730955,2.62351018,2.62980958,2.63617782,2.64258435,2.64899808,2.65538756,2.66172112,2.66796704,2.67409373,2.68006986,2.6858646,2.69144775,2.69678996,2.7018629,2.70663943,2.71109381,2.71520187,2.71894116,2.7222911,2.7252332,2.72775109,2.72983073,2.73146047,2.73263118,2.73333625,2.73357172
2.7288879,2.72865129,2.7279428,2.72676642,2.72512878,2.72303909,2.72050904,2.71755278,2.71418674,2.71042954,2.70630186,2.70182627,2.69702708,2.69193018,2.68656283,2.68095352,2.67513176,2.66912788,2.6629729,2.65669826,2.65033574,2.64391719,2.63747443,2.63103906,2.62464229,2.61831483,2.61208671,2.6059872,2.60004465,2.5942864,2.58873867,2.58342648,2.57837357,2.57360228,2.56913358,2.56498689,2.56118013,2.55772963,2.55465008,2.55195453,2.54965433,2.54775913,2.54627685,2.54521365,2.54457397,2.54436044,2.54457397,2.54521365,2.54627685,2.54775913,2.54965433,2.55195453,2.55465008,2.55772963,2.56118013,2.56498689,2.56913358,2.57360228,2.57837357,2.58342648,2.58873867,2.5942864,2.60004465,2.6059872,2.61208671,2.61831483,2.62464229,2.63103906,2.63747443,2.64391719,2.65033574,2.65669826,2.6629729,2.66912788,2.67513176,2.68095352,2.68656283,2.69193018,2.69702708,2.70182627,2.70630186,2.71042954,2.71418674,2.71755278,2.72050904,2.72303909,2.72512878,2.72676642,2.7279428,2.72865129,2.7288879
2.72444976,2.72421208,2.72350039,2.7223187,2.72067368,2.71857457,2.71603316,2.71306364,2.70968254,2.70590859,2.70176255,2.69726712,2.69244675,2.68732742,2.68193657,2.6763028,2.67045576,2.66442594,2.65824449,2.65194301,2.64555341,2.63910768,2.63263779,2.62617545,2.61975202,2.61339833,2.60714452,2.60101998,2.59505317,2.58927153,2.58370137,2.5783678,2.57329463,2.56850431,2.56401784,2.55985474,2.55603296,2.55256888,2.54947725,2.54677115,2.54446197,2.54255938,2.54107133,2.540004,2.53936183,2.53914748,2.53936183,2.540004,2.54107133,2.54255938,2.54446197,2.54677115,2.54947725,2.55256888,2.55603296,2.55985474,2.56401784,2.56850431,2.57329463,2.5783678,2.58370137,2.58927153,2.59505317,2.60101998,2.60714452,2.61339833,2.61975202,2.62617545,2.63263779,2.63910768,2.64555341,2.65194301,2.65824449,2.66442594,2.67045576,2.6763028,2.68193657,2.68732742,2.69244675,2.69726712,2.70176255,2.70590859,2.70968254,2.71306364,2.71603316,2.71857457,2.72067368,2.7223187,2.72350039,2.72421208,2.72444976
2.72027418,2.72003551,2.71932085,2.71813422,2.71648234,2.71437449,2.71182251,2.70884067,2.70544558,2.70165604,2.69749295,2.69297909,2.68813902,2.68299886,2.67758616,2.67192966,2.66605914,2.66000522,2.65379918,2.64747277,2.64105801,2.63458704,2.62809194,2.62160456,2.61515637,2.60877831,2.60250065,2.59635287,2.59036353,2.58456017,2.57896918,2.57361576,2.5685238,2.56371581,2.55921285,2.5550345,2.55119878,2.5477221,2.54461926,2.54190337,2.53958585,2.53767641,2.536183,2.53511184,2.53446736,2.53425224,2.53446736,2.53511184,2.536183,2.53767641,2.53958585,2.54190337,2.54461926,2.5477221,2.55119878,2.5550345,2.55921285,2.56371581,2.5685238,2.57361576,2.57896918,2.58456017,2.59036353,2.59635287,2.60250065,2.60877831,2.61515637,2.62160456,2.62809194,2.63458704,2.64105801,2.64747277,2.65379918,2.66000522,2.66605914,2.67192966,2.67758616,2.68299886,2.68813902,2.69297909,2.69749295,2.70165604,2.70544558,2.70884067,2.71182251,2.71437449,2.71648234,2.71813422,2.71932085,2.72003551,2.72027418
2.71637673,2.71613714,2.71541973,2.71422856,2.71257034,2.71045442,2.70789269,2.70489948,2.70149148,2.69768757,2.69350873,2.68897787,2.68411963,2.67896026,2.6735274,2.66784993,2.66195775,2.6558816,2.64965288,2.64330347,2.63686551,2.63037125,2.62385291,2.61734244,2.61087142,2.6044709,2.59817125,2.59200205,2.58599194,2.58016855,2.57455837,2.56918666,2.56407737,2.55925309,2.55473494,2.55054254,2.54669397,2.54320568,2.54009251,2.5373676,2.5350424,2.53312664,2.5316283,2.5305536,2.529907,2.52969117,2.529907,2.5305536,2.5316283,2.53312664,2.5350424,2.5373676,2.54009251,2.54320568,2.54669397,2.55054254,2.55473494,2.55925309,2.56407737,2.56918666,2.57455837,2.58016855,2.58599194,2.59200205,2.59817125,2.6044709,2.61087142,2.61734244,2.62385291,2.63037125,2.63686551,2.64330347,2.64965288,2.6558816,2.66195775,2.66784993,2.6735274,2.67896026,2.68411963,2.68897787,2.69350873,2.69768757,2.70149148,2.70489948,2.70789269,2.71045442,2.71257034,2.71422856,2.71541973,2.71613714,2.71637673
2.71277161,2.71253119,2.71181126,2.71061592,2.70895191,2.70682861,2.70425795,2.70125434,2.69783452,2.69401746,2.68982422,2.68527779,2.68040293,2.67522597,2.66977468,2.66407803,2.65816603,2.65206954,2.64582008,2.63944963,2.63299045,2.6264749,2.6199353,2.61340371,2.60691181,2.60049075,2.594171,2.5879822,2.58195311,2.57611142,2.57048369,2.56509525,2.55997013,2.55513096,2.55059892,2.54639368,2.54253336,2.53903446,2.53591185,2.53317869,2.53084647,2.52892494,2.52742209,2.52634416,2.52569562,2.52547914,2.52569562,2.52634416,2.52742209,2.52892494,2.53084647,2.53317869,2.53591185,2.53903446,2.54253336,2.54639368,2.55059892,2.55513096,2.55997013,2.56509525,2.57048369,2.57611142,2.58195311,2.5879822,2.594171,2.60049075,2.60691181,2.61340371,2.6199353,2.6264749,2.63299045,2.63944963,2.64582008,2.65206954,2.65816603,2.66407803,2.66977468,2.67522597,2.68040293,2.68527779,2.68982422,2.69401746,2.69783452,2.70125434,2.70425795,2.70682861,2.70895191,2.71061592,2.71181126,2.71253119,2.71277161
2.70947172,2.70923053,2.70850833,2.70730921,2.70563994,2.70350995,2.70093121,2.69791817,2.69448764,2.69065866,2.68645237,2.68189184,2.67700192,2.67180903,2.66634103,2.66062699,2.65469704,2.64858213,2.64231388,2.63592437,2.62944596,2.62291113,2.61635228,2.60980156,2.60329075,2.59685109,2.59051312,2.58430659,2.5782603,2.57240204,2.56675842,2.56135484,2.55621538,2.55136272,2.54681811,2.54260125,2.5387303,2.5352218,2.53209063,2.52935001,2.52701144,2.52508468,2.52357775,2.5224969,2.5218466,2.52162954,2.5218466,2.5224969,2.52357775,2.52508468,2.52701144,2.52935001,2.53209063,2.5352218,2.5387303,2.54260125,2.54681811,2.55136272,2.55621538,2.56135484,2.56675842,2.57240204,2.5782603,2.58430659,2.59051312,2.59685109,2.60329075,2.60980156,2.61635228,2.62291113,2.62944596,2.63592437,2.64231388,2.64858213,2.65469704,2.66062699,2.66634103,2.67180903,2.67700192,2.68189184,2.68645237,2.69065866,2.69448764,2.69791817,2.70093121,2.70350995,2.70563994,2.70730921,2.70850833,2.70923053,2.70947172
2.70648862,2.70624675,2.70552251,2.70432,2.70264603,2.70051005,2.69792406,2.69490258,2.69146245,2.6876228,2.68340482,2.67883167,2.67392825,2.66872109,2.66323812,2.65750852,2.65156249,2.64543108,2.639146,2.63273943,2.62624381,2.61969171,2.61311561,2.60654777,2.60002004,2.59356372,2.58720945,2.58098704,2.57492536,2.56905226,2.56339442,2.55797728,2.55282499,2.54796027,2.54340441,2.53917715,2.53529669,2.53177959,2.52864077,2.52589347,2.52354922,2.52161778,2.5201072,2.51902374,2.51837186,2.51815427,2.51837186,2.51902374,2.5201072,2.52161778,2.52354922,2.52589347,2.52864077,2.53177959,2.53529669,2.53917715,2.54340441,2.54796027,2.55282499,2.55797728,2.56339442,2.56905226,2.57492536,2.58098704,2.58720945,2.59356372,2.60002004,2.60654777,2.61311561,2.61969171,2.62624381,2.63273943,2.639146,2.64543108,2.65156249,2.65750852,2.66323812,2.66872109,2.67392825,2.67883167,2.68340482,2.6876228,2.69146245,2.69490258,2.69792406,2.70051005,2.70264603,2.70432,2.70552251,2.70624675,2.70648862
2.70383261,2.70359014,2.7028641,2.70165861,2.69998048,2.6978392,2.69524682,2.69221787,2.68876928,2.68492021,2.68069191,2.67610759,2.67119226,2.6659725,2.66047633,2.65473299,2.64877276,2.64262679,2.63632685,2.62990521,2.6233944,2.61682705,2.61023574,2.60365278,2.59711011,2.5906391,2.58427044,2.57803401,2.57195876,2.56607256,2.56040217,2.55497308,2.54980946,2.5449341,2.54036831,2.53613187,2.53224301,2.52871833,2.52557277,2.52281958,2.52047031,2.51853475,2.51702095,2.51593517,2.51528191,2.51506386,2.51528191,2.51593517,2.51702095,2.51853475,2.52047031,2.52281958,2.52557277,2.52871833,2.53224301,2.53613187,2.54036831,2.5449341,2.54980946,2.55497308,2.56040217,2.56607256,2.57195876,2.57803401,2.58427044,2.5906391,2.59711011,2.60365278,2.61023574,2.61682705,2.6233944,2.62990521,2.63632685,2.64262679,2.64877276,2.65473299,2.66047633,2.6659725,2.67119226,2.67610759,2.68069191,2.68492021,2.68876928,2.69221787,2.69524682,2.6978392,2.69998048,2.70165861,2.7028641,2.70359014,2.70383261
2.70151272,2.70126972,2.70054212,2.69933404,2.69765231,2.69550644,2.69290851,2.6898731,2.68641716,2.68255991,2.67832266,2.67372868,2.66880302,2.66357234,2.65806471,2.65230945,2.64633692,2.64017832,2.63386551,2.62743081,2.62090683,2.61432627,2.60772177,2.60112571,2.59457009,2.58808634,2.58170521,2.57545664,2.56936962,2.56347208,2.55779081,2.55235135,2.54717793,2.54229334,2.53771895,2.53347456,2.52957843,2.52604718,2.52289577,2.52013748,2.51778386,2.51584473,2.51432814,2.51324037,2.5125859,2.51236745,2.5125859,2.51324037,2.51432814,2.51584473,2.51778386,2.52013748,2.52289577,2.52604718,2.52957843,2.53347456,2.53771895,2.54229334,2.54717793,2.55235135,2.55779081,2.56347208,2.56936962,2.57545664,2.58170521,2.58808634,2.59457009,2.60112571,2.60772177,2.61432627,2.62090683,2.62743081,2.63386551,2.64017832,2.64633692,2.65230945,2.65806471,2.66357234,2.66880302,2.67372868,2.67832266,2.68255991,2.68641716,2.6898731,2.69290851,2.69550644,2.69765231,2.69933404,2.70054212,2.70126972,2.70151272
2.69953671,2.69929327,2.69856435,2.69735407,2.69566929,2.69351954,2.69091691,2.68787603,2.68441388,2.68054971,2.67630489,2.67170272,2.66676832,2.66152839,2.65601107,2.65024573,2.64426279,2.6380935,2.63176979,2.62532404,2.61878891,2.61219718,2.60558152,2.59897438,2.5924078,2.58591327,2.5795216,2.57326275,2.56716577,2.56125863,2.55556817,2.55011995,2.54493822,2.54004584,2.53546417,2.53121306,2.52731077,2.52377396,2.52061761,2.517855,2.51549771,2.51355556,2.5120366,2.51094714,2.51029166,2.51007287,2.51029166,2.51094714,2.5120366,2.51355556,2.51549771,2.517855,2.52061761,2.52377396,2.52731077,2.53121306,2.53546417,2.54004584,2.54493822,2.55011995,2.55556817,2.56125863,2.56716577,2.57326275,2.5795216,2.58591327,2.5924078,2.59897438,2.60558152,2.61219718,2.61878891,2.62532404,2.63176979,2.6380935,2.64426279,2.65024573,2.65601107,2.66152839,2.66676832,2.67170272,2.67630489,2.68054971,2.68441388,2.68787603,2.69091691,2.69351954,2.69566929,2.69735407,2.69856435,2.69929327,2.69953671
2.69791112,2.69766732,2.69693732,2.69572525,2.69403797,2.69188504,2.68927857,2.68623321,2.68276597,2.67889614,2.67464512,2.67003626,2.66509471,2.65984721,2.65432197,2.64854838,2.64255691,2.63637888,2.63004626,2.62359147,2.61704722,2.61044634,2.60382155,2.59720534,2.5906298,2.58412646,2.57772616,2.57145891,2.56535378,2.5594388,2.55374081,2.54828542,2.54309691,2.53819814,2.53361052,2.52935391,2.5254466,2.52190524,2.51874485,2.51597871,2.51361841,2.51167379,2.5101529,2.50906206,2.50840575,2.50818668,2.50840575,2.50906206,2.5101529,2.51167379,2.51361841,2.51597871,2.51874485,2.52190524,2.5254466,2.52935391,2.53361052,2.53819814,2.54309691,2.54828542,2.55374081,2.5594388,2.56535378,2.57145891,2.57772616,2.58412646,2.5906298,2.59720534,2.60382155,2.61044634,2.61704722,2.62359147,2.63004626,2.63637888,2.64255691,2.64854838,2.65432197,2.65984721,2.66509471,2.67003626,2.67464512,2.67889614,2.68276597,2.68623321,2.68927857,2.69188504,2.69403797,2.69572525,2.69693732,2.69766732,2.69791112
2.69664128,2.6963972,2.69566636,2.69445289,2.69276368,2.69060827,2.68799881,2.68494997,2.68147877,2.67760454,2.6733487,2.66873463,2.66378752,2.65853414,2.65300272,2.64722272,2.64122463,2.6350398,2.62870024,2.62223842,2.61568709,2.60907909,2.6024472,2.59582395,2.58924143,2.58273124,2.57632423,2.57005044,2.56393899,2.5580179,2.55231406,2.54685309,2.54165931,2.53675558,2.53216333,2.52790245,2.52399122,2.52044634,2.51728279,2.51451391,2.51215128,2.51020473,2.50868235,2.50759043,2.50693347,2.50671419,2.50693347,2.50759043,2.50868235,2.51020473,2.51215128,2.51451391,2.51728279,2.52044634,2.52399122,2.52790245,2.53216333,2.53675558,2.54165931,2.54685309,2.55231406,2.5580179,2.56393899,2.57005044,2.57632423,2.58273124,2.58924143,2.59582395,2.6024472,2.60907909,2.61568709,2.62223842,2.62870024,2.6350398,2.64122463,2.64722272,2.65300272,2.65853414,2.66378752,2.66873463,2.6733487,2.67760454,2.68147877,2.68494997,2.68799881,2.69060827,2.69276368,2.69445289,2.69566636,2.6963972,2.69664128
2.69573132,2.69548704,2.69475559,2.69354113,2.69185053,2.68969335,2.68708176,2.68403043,2.68055641,2.67667904,2.67241975,2.66780196,2.66285087,2.65759329,2.65205747,2.64627289,2.64027006,2.63408038,2.62773587,2.62126903,2.61471263,2.60809956,2.6014626,2.5948343,2.58824682,2.58173173,2.57531992,2.56904147,2.5629255,2.55700005,2.55129203,2.54582709,2.54062953,2.53572226,2.53112671,2.52686277,2.52294876,2.51940135,2.51623556,2.51346472,2.51110042,2.5091525,2.50762905,2.50653636,2.50587894,2.5056595,2.50587894,2.50653636,2.50762905,2.5091525,2.51110042,2.51346472,2.51623556,2.51940135,2.52294876,2.52686277,2.53112671,2.53572226,2.54062953,2.54582709,2.55129203,2.55700005,2.5629255,2.56904147,2.57531992,2.58173173,2.58824682,2.5948343,2.6014626,2.60809956,2.61471263,2.62126903,2.62773587,2.63408038,2.64027006,2.64627289,2.65205747,2.65759329,2.66285087,2.66780196,2.67241975,2.67667904,2.68055641,2.68403043,2.68708176,2.68969335,2.69185053,2.69354113,2.69475559,2.69548704,2.69573132
2.69518416,2.69493977,2.69420796,2.6929929,2.69130146,2.68914323,2.68653036,2.68347753,2.68000182,2.67612256,2.67186121,2.66724119,2.66228771,2.65702761,2.65148915,2.64570181,2.63969615,2.63350356,2.62715607,2.62068622,2.61412679,2.60751067,2.60087067,2.59423935,2.58764888,2.58113085,2.57471617,2.56843493,2.56231623,2.55638817,2.55067765,2.54521032,2.5400105,2.53510111,2.53050358,2.52623781,2.52232211,2.51877319,2.51560606,2.51283404,2.51046874,2.50852,2.50699591,2.50590276,2.50524506,2.50502553,2.50524506,2.50590276,2.50699591,2.50852,2.51046874,2.51283404,2.51560606,2.51877319,2.52232211,2.52623781,2.53050358,2.53510111,2.5400105,2.54521032,2.55067765,2.55638817,2.56231623,2.56843493,2.57471617,2.58113085,2.58764888,2.59423935,2.60087067,2.60751067,2.61412679,2.62068622,2.62715607,2.63350356,2.63969615,2.64570181,2.65148915,2.65702761,2.66228771,2.66724119,2.67186121,2.67612256,2.68000182,2.68347753,2.68653036,2.68914323,2.69130146,2.6929929,2.69420796,2.69493977,2.69518416
2.69500159,2.69475715,2.69402522,2.69280996,2.69111825,2.68895966,2.68634637,2.68329304,2.67981676,2.67593687,2.67167483,2.66705407,2.6620998,2.65683886,2.65129951,2.64551126,2.63950465,2.63331109,2.62696261,2.62049176,2.61393131,2.60731417,2.60067316,2.59404084,2.58744937,2.58093036,2.57451473,2.56823255,2.56211295,2.55618402,2.55047266,2.54500453,2.53980396,2.53489386,2.53029567,2.52602929,2.52211304,2.51856361,2.51539603,2.51262362,2.51025799,2.50830897,2.50678466,2.50569136,2.50503358,2.50481401,2.50503358,2.50569136,2.50678466,2.50830897,2.51025799,2.51262362,2.51539603,2.51856361,2.52211304,2.52602929,2.53029567,2.53489386,2.53980396,2.54500453,2.55047266,2.55618402,2.56211295,2.56823255,2.57451473,2.58093036,2.58744937,2.59404084,2.60067316,2.60731417,2.61393131,2.62049176,2.62696261,2.63331109,2.63950465,2.64551126,2.65129951,2.65683886,2.6620998,2.66705407,2.67167483,2.67593687,2.67981676,2.68329304,2.68634637,2.68895966,2.69111825,2.69280996,2.69402522,2.69475715,2.69500159
